Date,Mode,Rank,Priority,Stock,Signal,Conviction,Entry,Stop,Target,RR,Current Price,Stop Away,Target Away,Status,First Hit,Hit Date,Result,R,Days,Notes
2026-08-25,Swing,3,Highest Priority,CUMMINSIND,SELL,94,5139.7,5499.66,4419.77,2.0,5239.5,+₹260.16 / +4.97%,+₹819.73 / +15.65%,Pending Trigger,,,,,0,Top 3 Swing scanner pick
2026-08-25,Intraday,1,Highest Priority,VBL,BUY,94,436.92,428.89,452.98,2.0,438.0,+₹9.11 / +2.08%,+₹14.98 / +3.42%,Active After Trigger,,,,,0,Top 3 Intraday scanner pick
2026-08-25,Swing,2,Highest Priority,PNB,BUY,94,117.13,113.46,124.49,2.0,115.93,+₹2.47 / +2.13%,+₹8.56 / +7.38%,Pending Trigger,,,,,0,Top 3 Swing scanner pick
2026-08-25,Swing,3,Highest Priority,POLYCAB,SELL,94,8972.52,9414.78,8088.0,2.0,9098.0,+₹316.78 / +3.48%,+₹1010.00 / +11.10%,Pending Trigger,,,,,0,Top 3 Swing scanner pick
2026-08-25,Swing,1,Highest Priority,BANKBARODA,SELL,94,239.6,251.89,215.02,2.0,241.0,+₹10.89 / +4.52%,+₹25.98 / +10.78%,Pending Trigger,,,,,0,Top 3 Swing scanner pick
2026-08-25,Swing,2,Highest Priority,CUMMINSIND,SELL,94,5139.7,5499.66,4419.77,2.0,5239.5,+₹260.16 / +4.97%,+₹819.73 / +15.65%,Pending Trigger,,,,,0,Top 3 Swing scanner pick
2026-08-25,Swing,3,Highest Priority,LICHSGFIN,SELL,94,488.17,512.46,439.59,2.0,506.0,+₹6.46 / +1.28%,+₹66.41 / +13.12%,Pending Trigger,,,,,0,Top 3 Swing scanner pick
2026-08-25,Swing,1,Highest Priority,LICHSGFIN,SELL,94,488.17,512.46,439.59,2.0,506.0,+₹6.46 / +1.28%,+₹66.41 / +13.12%,Pending Trigger,,,,,0,Top 3 Swing scanner pick
2026-08-25,Swing,2,Highest Priority,POLYCAB,SELL,94,8982.0,9414.7,8116.61,2.0,9098.0,+₹316.70 / +3.48%,+₹981.39 / +10.79%,Pending Trigger,,,,,0,Top 3 Swing scanner pick
2026-08-25,Swing,3,Highest Priority,VBL,SELL,94,423.0,444.38,380.25,2.0,438.0,+₹6.38 / +1.46%,+₹57.75 / +13.18%,Pending Trigger,,,,,0,Top 3 Swing scanner pick
2026-08-25,Swing,1,Highest Priority,VBL,SELL,94,423.0,444.38,380.25,2.0,438.0,+₹6.38 / +1.46%,+₹57.75 / +13.18%,Pending Trigger,,,,,0,Top 3 Swing scanner pick
2026-08-25,Intraday,1,Highest Priority,ADANIENT,SELL,94,2958.57,2999.64,2876.43,2.0,3110.0,-₹110.36 / -3.55%,+₹233.57 / +7.51%,Pending Trigger,,,,,0,Top 3 Intraday scanner pick
2026-08-25,Swing,1,Highest Priority,BAJAJ-AUTO,BUY,94,11861.68,11513.27,12558.48,2.0,11927.0,+₹413.73 / +3.47%,+₹631.48 / +5.29%,Active After Trigger,,,,,0,Top 3 Swing scanner pick
2026-08-25,Swing,2,Highest Priority,BANKBARODA,SELL,94,239.42,251.91,214.44,2.0,241.0,+₹10.91 / +4.53%,+₹26.56 / +11.02%,Pending Trigger,,,,,0,Top 3 Swing scanner pick
2026-08-25,Swing,3,Highest Priority,COALINDIA,SELL,94,403.79,414.33,382.71,2.0,404.0,+₹10.33 / +2.56%,+₹21.29 / +5.27%,Active After Trigger,,,,,0,Top 3 Swing scanner pick
2026-08-25,Intraday,2,Highest Priority,SIEMENS,BUY,94,4117.22,4042.19,4267.27,2.0,4090.5,+₹48.31 / +1.18%,+₹176.77 / +4.32%,Active After Trigger,,,,,0,Top 3 Intraday scanner pick
2026-08-25,Swing,1,Highest Priority,AUBANK,BUY,94,1110.42,1045.55,1240.14,2.0,1128.6,+₹83.05 / +7.36%,+₹111.54 / +9.88%,Active After Trigger,,,,,0,Top 3 Swing scanner pick
2026-08-25,Swing,2,Highest Priority,COALINDIA,SELL,94,400.9,415.76,371.16,2.0,404.0,+₹11.76 / +2.91%,+₹32.84 / +8.13%,Pending Trigger,,,,,0,Top 3 Swing scanner pick
2026-08-25,Swing,3,Highest Priority,GRASIM,BUY,94,3349.79,3190.32,3668.72,2.0,3289.6,+₹99.28 / +3.02%,+₹379.12 / +11.52%,Pending Trigger,,,,,0,Top 3 Swing scanner pick
2026-08-25,Intraday,1,Highest Priority,NMDC,BUY,94,86.1,85.52,87.27,2.0,85.94,+₹0.42 / +0.49%,+₹1.33 / +1.55%,Stop Hit First,Stop,2026-08-25,Loss,-1,0,Top 3 Intraday scanner pick
2026-08-24,Intraday,1,Highest Priority,NMDC,BUY,94,86.1,85.52,87.27,2.0,85.94,+₹0.42 / +0.49%,+₹1.33 / +1.55%,Stop Hit First,Stop,2026-08-25,Loss,-1,1,Top 3 Intraday scanner pick
2026-08-24,Swing,1,Highest Priority,BAJAJ-AUTO,BUY,94,11861.68,11513.27,12558.48,2.0,11927.0,+₹413.73 / +3.47%,+₹631.48 / +5.29%,Active After Trigger,,,,,1,Top 3 Swing scanner pick
2026-08-24,Swing,2,Highest Priority,BANKBARODA,SELL,94,239.42,251.91,214.44,2.0,241.0,+₹10.91 / +4.53%,+₹26.56 / +11.02%,Pending Trigger,,,,,1,Top 3 Swing scanner pick
2026-08-24,Swing,3,Highest Priority,COALINDIA,SELL,94,403.79,414.33,382.71,2.0,404.0,+₹10.33 / +2.56%,+₹21.29 / +5.27%,Active After Trigger,,,,,1,Top 3 Swing scanner pick
2026-08-24,Intraday,1,Highest Priority,SIEMENS,BUY,94,4117.22,4042.19,4267.27,2.0,4090.5,+₹48.31 / +1.18%,+₹176.77 / +4.32%,Active After Trigger,,,,,1,Top 3 Intraday scanner pick
2026-08-24,Swing,2,Highest Priority,GRASIM,BUY,94,3322.63,3191.23,3585.43,2.0,3289.6,+₹98.37 / +2.99%,+₹295.83 / +8.99%,Pending Trigger,,,,,1,Top 3 Swing scanner pick
2026-08-24,Swing,3,Highest Priority,JSWSTEEL,BUY,94,1317.53,1247.37,1457.85,2.0,1320.3,+₹72.93 / +5.52%,+₹137.55 / +10.42%,Active After Trigger,,,,,1,Top 3 Swing scanner pick
2026-08-24,Swing,1,Highest Priority,BANKBARODA,SELL,94,240.26,251.9,216.97,2.0,241.0,+₹10.90 / +4.52%,+₹24.03 / +9.97%,Active After Trigger,,,,,1,Top 3 Swing scanner pick
2026-08-24,Swing,2,Highest Priority,SIEMENS,BUY,94,4118.22,3842.77,4669.12,2.0,4090.5,+₹247.73 / +6.06%,+₹578.62 / +14.15%,Active After Trigger,,,,,1,Top 3 Swing scanner pick
2026-08-24,Swing,1,Highest Priority,SIEMENS,BUY,94,4118.22,3842.77,4669.12,2.0,4090.5,+₹247.73 / +6.06%,+₹578.62 / +14.15%,Active After Trigger,,,,,1,Top 3 Swing scanner pick
2026-08-24,Swing,1,Highest Priority,AUBANK,BUY,94,1110.42,1045.55,1240.14,2.0,1128.6,+₹83.05 / +7.36%,+₹111.54 / +9.88%,Active After Trigger,,,,,1,Top 3 Swing scanner pick
2026-08-24,Swing,2,Highest Priority,COALINDIA,SELL,94,400.9,415.76,371.16,2.0,404.0,+₹11.76 / +2.91%,+₹32.84 / +8.13%,Pending Trigger,,,,,1,Top 3 Swing scanner pick
2026-08-24,Swing,3,Highest Priority,GRASIM,BUY,94,3349.79,3190.32,3668.72,2.0,3289.6,+₹99.28 / +3.02%,+₹379.12 / +11.52%,Pending Trigger,,,,,1,Top 3 Swing scanner pick
2026-08-23,Swing,1,Highest Priority,AUBANK,BUY,94,1110.42,1045.55,1240.14,2.0,1128.6,+₹83.05 / +7.36%,+₹111.54 / +9.88%,Active After Trigger,,,,,2,Top 3 Swing scanner pick
2026-08-23,Swing,2,Highest Priority,COALINDIA,SELL,94,400.9,415.76,371.16,2.0,404.0,+₹11.76 / +2.91%,+₹32.84 / +8.13%,Pending Trigger,,,,,2,Top 3 Swing scanner pick
2026-08-23,Swing,3,Highest Priority,GRASIM,BUY,94,3349.79,3190.32,3668.72,2.0,3289.6,+₹99.28 / +3.02%,+₹379.12 / +11.52%,Pending Trigger,,,,,2,Top 3 Swing scanner pick
2026-08-22,Swing,2,Highest Priority,COALINDIA,SELL,94,400.9,415.76,371.16,2.0,404.0,+₹11.76 / +2.91%,+₹32.84 / +8.13%,Pending Trigger,,,,,3,Top 3 Swing scanner pick
2026-08-22,Swing,3,Highest Priority,GRASIM,BUY,94,3349.79,3190.32,3668.72,2.0,3289.6,+₹99.28 / +3.02%,+₹379.12 / +11.52%,Pending Trigger,,,,,3,Top 3 Swing scanner pick
2026-08-22,Swing,1,Highest Priority,AUBANK,BUY,94,1094.68,1045.58,1192.9,2.0,1128.6,+₹83.02 / +7.36%,+₹64.30 / +5.70%,Active After Trigger,,,,,3,Top 3 Swing scanner pick
2026-08-22,Swing,2,Highest Priority,GRASIM,BUY,94,3316.62,3171.68,3606.49,2.0,3289.6,+₹117.92 / +3.58%,+₹316.89 / +9.63%,Pending Trigger,,,,,3,Top 3 Swing scanner pick
2026-08-22,Swing,3,Highest Priority,HINDALCO,BUY,94,1050.1,1009.64,1131.01,2.0,1051.05,+₹41.41 / +3.94%,+₹79.96 / +7.61%,Active After Trigger,,,,,3,Top 3 Swing scanner pick
2026-08-21,Swing,2,Highest Priority,COALINDIA,SELL,94,400.9,415.76,371.16,2.0,404.0,+₹11.76 / +2.91%,+₹32.84 / +8.13%,Pending Trigger,,,,,4,Top 3 Swing scanner pick
2026-08-21,Swing,3,Highest Priority,GRASIM,BUY,94,3311.61,3186.5,3561.84,2.0,3289.6,+₹103.10 / +3.13%,+₹272.24 / +8.28%,Active After Trigger,,,,,4,Top 3 Swing scanner pick
2026-08-21,Swing,2,Highest Priority,JSWSTEEL,BUY,94,1301.4,1247.38,1409.43,2.0,1320.3,+₹72.92 / +5.52%,+₹89.13 / +6.75%,Active After Trigger,,,,,4,Top 3 Swing scanner pick
2026-08-21,Swing,3,Highest Priority,KOTAKBANK,BUY,94,406.81,385.73,448.98,2.0,401.6,+₹15.87 / +3.95%,+₹47.38 / +11.80%,Pending Trigger,,,,,4,Top 3 Swing scanner pick
2026-08-21,Swing,1,Highest Priority,COALINDIA,SELL,94,400.9,415.76,371.16,2.0,404.0,+₹11.76 / +2.91%,+₹32.84 / +8.13%,Pending Trigger,,,,,4,Top 3 Swing scanner pick
2026-08-21,Swing,2,Highest Priority,KOTAKBANK,BUY,94,406.81,385.73,448.98,2.0,401.6,+₹15.87 / +3.95%,+₹47.38 / +11.80%,Pending Trigger,,,,,4,Top 3 Swing scanner pick
2026-08-21,Swing,3,Highest Priority,LICHSGFIN,SELL,92,490.02,512.4,445.25,2.0,506.0,+₹6.40 / +1.26%,+₹60.75 / +12.01%,Active After Trigger,,,,,4,Top 3 Swing scanner pick
2026-08-21,Swing,1,Highest Priority,LICHSGFIN,SELL,92,490.02,512.4,445.25,2.0,506.0,+₹6.40 / +1.26%,+₹60.75 / +12.01%,Active After Trigger,,,,,4,Top 3 Swing scanner pick
2026-08-21,Swing,1,Highest Priority,AUBANK,BUY,94,1094.68,1045.58,1192.9,2.0,1128.6,+₹83.02 / +7.36%,+₹64.30 / +5.70%,Active After Trigger,,,,,4,Top 3 Swing scanner pick
2026-08-21,Swing,3,Highest Priority,HINDALCO,BUY,94,1050.1,1009.22,1131.84,2.0,1051.05,+₹41.83 / +3.98%,+₹80.79 / +7.69%,Active After Trigger,,,,,4,Top 3 Swing scanner pick
2026-08-21,Swing,1,Highest Priority,GRASIM,BUY,94,3285.26,3151.87,3552.04,2.0,3289.6,+₹137.73 / +4.19%,+₹262.44 / +7.98%,Active After Trigger,,,,,4,Top 3 Swing scanner pick
2026-08-21,Swing,2,Highest Priority,HDFCLIFE,SELL,94,532.23,546.01,504.69,2.0,546.7,-₹0.69 / -0.13%,+₹42.01 / +7.68%,Pending Trigger,,,,,4,Top 3 Swing scanner pick
2026-08-21,Swing,3,Highest Priority,IOC,SELL,94,135.98,145.03,117.87,2.0,139.0,+₹6.03 / +4.34%,+₹21.13 / +15.20%,Active After Trigger,,,,,4,Top 3 Swing scanner pick
2026-08-21,Swing,1,Highest Priority,DIXON,BUY,94,14579.1,13598.59,16540.13,2.0,14990.0,+₹1391.41 / +9.28%,+₹1550.13 / +10.34%,Active After Trigger,,,,,4,Top 3 Swing scanner pick
2026-08-21,Swing,2,Highest Priority,GRASIM,BUY,94,3285.26,3151.87,3552.04,2.0,3289.6,+₹137.73 / +4.19%,+₹262.44 / +7.98%,Active After Trigger,,,,,4,Top 3 Swing scanner pick
2026-08-21,Swing,3,Highest Priority,HDFCLIFE,SELL,94,532.23,546.01,504.69,2.0,546.7,-₹0.69 / -0.13%,+₹42.01 / +7.68%,Pending Trigger,,,,,4,Top 3 Swing scanner pick
2026-08-20,Swing,3,Highest Priority,HINDALCO,BUY,94,1050.1,1009.22,1131.84,2.0,1051.05,+₹41.83 / +3.98%,+₹80.79 / +7.69%,Active After Trigger,,,,,5,Top 3 Swing scanner pick
2026-08-20,Swing,3,Highest Priority,IRFC,SELL,94,85.13,89.63,76.13,2.0,85.45,+₹4.18 / +4.89%,+₹9.32 / +10.91%,Active After Trigger,,,,,5,Top 3 Swing scanner pick
2026-08-20,Swing,3,Highest Priority,PERSISTENT,BUY,94,5700.88,5371.94,6358.76,2.0,5655.0,+₹283.06 / +5.01%,+₹703.76 / +12.44%,Active After Trigger,,,,,5,Top 3 Swing scanner pick
2026-08-20,Swing,3,Highest Priority,LICHSGFIN,SELL,94,497.2,509.88,471.84,2.0,506.0,+₹3.88 / +0.77%,+₹34.16 / +6.75%,Active After Trigger,,,,,5,Top 3 Swing scanner pick
2026-08-20,Swing,1,Highest Priority,AUBANK,BUY,94,1094.68,1045.58,1192.9,2.0,1128.6,+₹83.02 / +7.36%,+₹64.30 / +5.70%,Active After Trigger,,,,,5,Top 3 Swing scanner pick
2026-08-20,Swing,2,Highest Priority,JSWSTEEL,BUY,94,1313.22,1247.29,1445.09,2.0,1320.3,+₹73.01 / +5.53%,+₹124.79 / +9.45%,Active After Trigger,,,,,5,Top 3 Swing scanner pick
2026-08-20,Swing,1,Highest Priority,JSWSTEEL,BUY,94,1301.1,1247.87,1407.56,2.0,1320.3,+₹72.43 / +5.49%,+₹87.26 / +6.61%,Active After Trigger,,,,,5,Top 3 Swing scanner pick
2026-08-20,Swing,1,Highest Priority,DIXON,BUY,94,14579.1,13598.59,16540.13,2.0,14990.0,+₹1391.41 / +9.28%,+₹1550.13 / +10.34%,Active After Trigger,,,,,5,Top 3 Swing scanner pick
2026-08-20,Swing,3,Highest Priority,HDFCLIFE,SELL,94,532.23,546.01,504.69,2.0,546.7,-₹0.69 / -0.13%,+₹42.01 / +7.68%,Pending Trigger,,,,,5,Top 3 Swing scanner pick
2026-08-20,Swing,1,Highest Priority,GRASIM,BUY,94,3304.3,3124.86,3663.16,2.0,3289.6,+₹164.74 / +5.01%,+₹373.56 / +11.36%,Active After Trigger,,,,,5,Top 3 Swing scanner pick
2026-08-20,Swing,2,Highest Priority,HDFCLIFE,SELL,94,532.23,546.01,504.69,2.0,546.7,-₹0.69 / -0.13%,+₹42.01 / +7.68%,Pending Trigger,,,,,5,Top 3 Swing scanner pick
2026-08-20,Swing,1,Highest Priority,COALINDIA,SELL,94,405.94,418.19,381.44,2.0,404.0,+₹14.19 / +3.51%,+₹22.56 / +5.58%,Active After Trigger,,,,,5,Top 3 Swing scanner pick
2026-08-20,Swing,2,Highest Priority,GRASIM,BUY,94,3304.3,3124.86,3663.16,2.0,3289.6,+₹164.74 / +5.01%,+₹373.56 / +11.36%,Active After Trigger,,,,,5,Top 3 Swing scanner pick
2026-08-20,Swing,3,Highest Priority,IOC,SELL,94,137.47,145.03,122.37,2.0,139.0,+₹6.03 / +4.34%,+₹16.63 / +11.96%,Active After Trigger,,,,,5,Top 3 Swing scanner pick
2026-08-19,Swing,2,Highest Priority,HDFCLIFE,SELL,94,532.23,546.01,504.69,2.0,546.7,-₹0.69 / -0.13%,+₹42.01 / +7.68%,Pending Trigger,,,,,6,Top 3 Swing scanner pick
2026-08-19,Swing,3,Highest Priority,IOC,SELL,94,135.98,145.03,117.87,2.0,139.0,+₹6.03 / +4.34%,+₹21.13 / +15.20%,Active After Trigger,,,,,6,Top 3 Swing scanner pick
2026-08-19,Swing,2,Highest Priority,DLF,BUY,94,676.0,633.07,761.86,2.0,682.95,+₹49.88 / +7.30%,+₹78.91 / +11.55%,Active After Trigger,,,,,6,Top 3 Swing scanner pick
2026-08-19,Swing,3,Highest Priority,HDFCLIFE,SELL,94,532.23,546.01,504.69,2.0,546.7,-₹0.69 / -0.13%,+₹42.01 / +7.68%,Pending Trigger,,,,,6,Top 3 Swing scanner pick
2026-08-19,Swing,1,Highest Priority,DIXON,BUY,94,14579.1,13598.59,16540.13,2.0,14990.0,+₹1391.41 / +9.28%,+₹1550.13 / +10.34%,Active After Trigger,,,,,6,Top 3 Swing scanner pick
2026-08-19,Swing,2,Highest Priority,GRASIM,BUY,94,3285.26,3151.87,3552.04,2.0,3289.6,+₹137.73 / +4.19%,+₹262.44 / +7.98%,Active After Trigger,,,,,6,Top 3 Swing scanner pick
2026-08-19,Swing,3,Highest Priority,HDFCAMC,SELL,94,2496.0,2580.97,2326.06,2.0,2698.0,-₹117.03 / -4.34%,+₹371.94 / +13.79%,Pending Trigger,,,,,6,Top 3 Swing scanner pick
2026-08-19,Swing,1,Highest Priority,GRASIM,BUY,94,3285.26,3150.25,3555.27,2.0,3289.6,+₹139.35 / +4.24%,+₹265.67 / +8.08%,Active After Trigger,,,,,6,Top 3 Swing scanner pick
2026-08-19,Swing,2,Highest Priority,ONGC,SELL,94,237.12,244.11,223.15,2.0,234.0,+₹10.11 / +4.32%,+₹10.85 / +4.64%,Active After Trigger,,,,,6,Top 3 Swing scanner pick
2026-08-19,Swing,1,Highest Priority,ONGC,SELL,94,238.02,244.03,226.02,2.0,234.0,+₹10.03 / +4.29%,+₹7.98 / +3.41%,Active After Trigger,,,,,6,Top 3 Swing scanner pick
2026-08-19,Swing,2,Highest Priority,POLYCAB,SELL,90,8945.57,9413.05,8010.63,2.0,9098.0,+₹315.05 / +3.46%,+₹1087.37 / +11.95%,Pending Trigger,,,,,6,Top 3 Swing scanner pick
2026-08-19,Swing,2,Highest Priority,COALINDIA,SELL,94,405.94,418.19,381.44,2.0,404.0,+₹14.19 / +3.51%,+₹22.56 / +5.58%,Active After Trigger,,,,,6,Top 3 Swing scanner pick
2026-08-19,Swing,3,Highest Priority,DLF,BUY,94,676.25,633.18,762.39,2.0,682.95,+₹49.77 / +7.29%,+₹79.44 / +11.63%,Active After Trigger,,,,,6,Top 3 Swing scanner pick
2026-08-19,Swing,3,Highest Priority,CUMMINSIND,SELL,94,5327.82,5610.78,4761.92,2.0,5239.5,+₹371.28 / +7.09%,+₹477.58 / +9.11%,Active After Trigger,,,,,6,Top 3 Swing scanner pick
2026-08-19,Swing,1,Highest Priority,AUROPHARMA,BUY,94,1655.3,1531.8,1902.3,2.0,1617.8,+₹86.00 / +5.32%,+₹284.50 / +17.59%,Pending Trigger,,,,,6,Top 3 Swing scanner pick
2026-08-19,Swing,2,Highest Priority,BHARTIARTL,BUY,94,1997.19,1896.48,2198.59,2.0,1947.0,+₹50.52 / +2.59%,+₹251.59 / +12.92%,Pending Trigger,,,,,6,Top 3 Swing scanner pick
2026-08-19,Swing,3,Highest Priority,GRASIM,BUY,94,3278.74,3104.08,3628.08,2.0,3289.6,+₹185.52 / +5.64%,+₹338.48 / +10.29%,Active After Trigger,,,,,6,Top 3 Swing scanner pick
2026-08-18,Swing,1,Highest Priority,COALINDIA,SELL,94,405.94,418.19,381.44,2.0,404.0,+₹14.19 / +3.51%,+₹22.56 / +5.58%,Active After Trigger,,,,,7,Top 3 Swing scanner pick
2026-08-18,Swing,1,Highest Priority,GRASIM,BUY,94,3304.3,3124.86,3663.16,2.0,3289.6,+₹164.74 / +5.01%,+₹373.56 / +11.36%,Active After Trigger,,,,,7,Top 3 Swing scanner pick
2026-08-18,Swing,2,Highest Priority,COALINDIA,SELL,92,406.78,418.18,384.0,2.0,404.0,+₹14.18 / +3.51%,+₹20.00 / +4.95%,Active After Trigger,,,,,7,Top 3 Swing scanner pick
2026-08-18,Swing,3,Highest Priority,ONGC,SELL,92,238.38,245.47,224.21,2.0,234.0,+₹11.47 / +4.90%,+₹9.79 / +4.18%,Active After Trigger,,,,,7,Top 3 Swing scanner pick
2026-08-18,Swing,2,Highest Priority,GRASIM,BUY,94,3304.3,3124.86,3663.16,2.0,3289.6,+₹164.74 / +5.01%,+₹373.56 / +11.36%,Active After Trigger,,,,,7,Top 3 Swing scanner pick
2026-08-18,Swing,1,Highest Priority,DLF,BUY,94,682.06,633.07,780.04,2.0,682.95,+₹49.88 / +7.30%,+₹97.09 / +14.22%,Active After Trigger,,,,,7,Top 3 Swing scanner pick
2026-08-18,Intraday,1,Highest Priority,PAYTM,SELL,94,1580.43,1609.26,1522.77,2.0,1718.0,-₹108.74 / -6.33%,+₹195.23 / +11.36%,Stop Hit First,Stop,2026-08-20,Loss,-1,7,Top 3 Intraday scanner pick
2026-08-18,Swing,1,Highest Priority,AUROPHARMA,BUY,94,1655.3,1531.79,1902.33,2.0,1617.8,+₹86.01 / +5.32%,+₹284.53 / +17.59%,Pending Trigger,,,,,7,Top 3 Swing scanner pick
2026-08-18,Swing,2,Highest Priority,BHARTIARTL,BUY,94,1997.19,1896.48,2198.59,2.0,1947.0,+₹50.52 / +2.59%,+₹251.59 / +12.92%,Pending Trigger,,,,,7,Top 3 Swing scanner pick
2026-08-18,Swing,3,Highest Priority,CUMMINSIND,SELL,94,5328.82,5611.5,4763.45,2.0,5239.5,+₹372.00 / +7.10%,+₹476.05 / +9.09%,Active After Trigger,,,,,7,Top 3 Swing scanner pick
2026-08-18,Swing,1,Highest Priority,BHARTIARTL,BUY,94,2009.81,1896.55,2236.33,2.0,1947.0,+₹50.45 / +2.59%,+₹289.33 / +14.86%,Pending Trigger,,,,,7,Top 3 Swing scanner pick
2026-08-18,Swing,2,Highest Priority,CUMMINSIND,SELL,94,5328.82,5611.5,4763.45,2.0,5239.5,+₹372.00 / +7.10%,+₹476.05 / +9.09%,Active After Trigger,,,,,7,Top 3 Swing scanner pick
2026-08-18,Swing,3,Highest Priority,IOC,SELL,94,138.54,145.49,124.65,2.0,139.0,+₹6.49 / +4.67%,+₹14.35 / +10.32%,Active After Trigger,,,,,7,Top 3 Swing scanner pick
2026-08-17,Swing,3,Highest Priority,CUMMINSIND,SELL,94,5327.82,5610.78,4761.92,2.0,5239.5,+₹371.28 / +7.09%,+₹477.58 / +9.11%,Active After Trigger,,,,,8,Top 3 Swing scanner pick
2026-08-17,Swing,2,Highest Priority,BHARTIARTL,BUY,94,1997.19,1896.48,2198.59,2.0,1947.0,+₹50.52 / +2.59%,+₹251.59 / +12.92%,Pending Trigger,,,,,8,Top 3 Swing scanner pick
2026-08-17,Swing,3,Highest Priority,GRASIM,BUY,94,3278.74,3104.25,3627.73,2.0,3289.6,+₹185.35 / +5.63%,+₹338.13 / +10.28%,Active After Trigger,,,,,8,Top 3 Swing scanner pick
2026-08-17,Swing,3,Highest Priority,DLF,BUY,94,676.25,633.18,762.39,2.0,682.95,+₹49.77 / +7.29%,+₹79.44 / +11.63%,Active After Trigger,,,,,8,Top 3 Swing scanner pick
2026-08-17,Intraday,1,Highest Priority,PAYTM,SELL,94,1583.63,1609.13,1532.62,2.0,1718.0,-₹108.87 / -6.34%,+₹185.38 / +10.79%,Stop Hit First,Stop,2026-08-20,Loss,-1,8,Top 3 Intraday scanner pick
2026-08-17,Swing,2,Highest Priority,IRFC,SELL,94,86.03,90.74,76.61,2.0,85.45,+₹5.29 / +6.19%,+₹8.84 / +10.35%,Active After Trigger,,,,,8,Top 3 Swing scanner pick
2026-08-17,Swing,3,Highest Priority,ONGC,SELL,94,235.68,245.46,216.11,2.0,234.0,+₹11.46 / +4.90%,+₹17.89 / +7.65%,Active After Trigger,,,,,8,Top 3 Swing scanner pick
2026-08-17,Swing,1,Highest Priority,GRASIM,BUY,94,3264.92,3104.19,3586.36,2.0,3289.6,+₹185.41 / +5.64%,+₹296.76 / +9.02%,Active After Trigger,,,,,8,Top 3 Swing scanner pick
2026-08-17,Swing,1,Highest Priority,AUROPHARMA,BUY,94,1655.3,1575.76,1814.4,2.0,1617.8,+₹42.04 / +2.60%,+₹196.60 / +12.15%,Pending Trigger,,,,,8,Top 3 Swing scanner pick
2026-08-17,Swing,2,Highest Priority,ONGC,SELL,94,235.68,244.03,218.97,2.0,234.0,+₹10.03 / +4.29%,+₹15.03 / +6.42%,Active After Trigger,,,,,8,Top 3 Swing scanner pick
2026-08-17,Swing,1,Highest Priority,NMDC,SELL,94,81.0,87.37,68.25,2.0,85.94,+₹1.43 / +1.66%,+₹17.69 / +20.58%,Pending Trigger,,,,,8,Top 3 Swing scanner pick
2026-08-17,Swing,1,Highest Priority,BHARTIARTL,BUY,94,2009.81,1896.55,2236.33,2.0,1947.0,+₹50.45 / +2.59%,+₹289.33 / +14.86%,Pending Trigger,,,,,8,Top 3 Swing scanner pick
2026-08-17,Swing,2,Highest Priority,CUMMINSIND,SELL,94,5328.82,5611.5,4763.45,2.0,5239.5,+₹372.00 / +7.10%,+₹476.05 / +9.09%,Active After Trigger,,,,,8,Top 3 Swing scanner pick
2026-08-17,Swing,3,Highest Priority,IOC,SELL,94,138.54,145.49,124.65,2.0,139.0,+₹6.49 / +4.67%,+₹14.35 / +10.32%,Active After Trigger,,,,,8,Top 3 Swing scanner pick
2026-08-17,Intraday,1,Highest Priority,PAGEIND,SELL,94,36651.55,37014.25,35926.15,2.0,35500.0,+₹1514.25 / +4.27%,-₹426.15 / -1.20%,Stop Hit First,Stop,2026-08-17,Loss,-1,8,Top 3 Intraday scanner pick
2026-08-16,Swing,1,Highest Priority,BHARTIARTL,BUY,94,2009.81,1896.55,2236.33,2.0,1947.0,+₹50.45 / +2.59%,+₹289.33 / +14.86%,Pending Trigger,,,,,9,Top 3 Swing scanner pick
2026-08-16,Swing,2,Highest Priority,CUMMINSIND,SELL,94,5328.82,5611.5,4763.45,2.0,5239.5,+₹372.00 / +7.10%,+₹476.05 / +9.09%,Active After Trigger,,,,,9,Top 3 Swing scanner pick
2026-08-16,Swing,3,Highest Priority,IOC,SELL,94,138.54,145.49,124.65,2.0,139.0,+₹6.49 / +4.67%,+₹14.35 / +10.32%,Active After Trigger,,,,,9,Top 3 Swing scanner pick
2026-08-16,Intraday,1,Highest Priority,PAGEIND,SELL,94,36651.55,37014.25,35926.15,2.0,35500.0,+₹1514.25 / +4.27%,-₹426.15 / -1.20%,Stop Hit First,Stop,2026-08-17,Loss,-1,9,Top 3 Intraday scanner pick
2026-08-15,Swing,2,Highest Priority,CUMMINSIND,SELL,94,5328.82,5611.5,4763.45,2.0,5194.0,+₹417.50 / +8.04%,+₹430.55 / +8.29%,Active After Trigger,,,,,10,Top 3 Swing scanner pick
2026-08-15,Swing,3,Highest Priority,IOC,SELL,94,138.54,145.49,124.65,2.0,137.41,+₹8.08 / +5.88%,+₹12.76 / +9.29%,Active After Trigger,,,,,10,Top 3 Swing scanner pick
2026-08-15,Swing,1,Highest Priority,BHARTIARTL,BUY,94,1973.94,1896.95,2127.91,2.0,1931.9,+₹34.95 / +1.81%,+₹196.01 / +10.15%,Active After Trigger,,,,,10,Top 3 Swing scanner pick
2026-08-15,Swing,2,Highest Priority,BHEL,BUY,94,421.34,398.97,466.09,2.0,411.85,+₹12.88 / +3.13%,+₹54.24 / +13.17%,Active After Trigger,,,,,10,Top 3 Swing scanner pick
2026-08-15,Swing,3,Highest Priority,DIXON,BUY,94,14093.13,13533.69,15212.01,2.0,14480.0,+₹946.31 / +6.54%,+₹732.01 / +5.06%,Active After Trigger,,,,,10,Top 3 Swing scanner pick
2026-08-15,Swing,1,Highest Priority,DIXON,BUY,94,14093.13,13533.69,15212.01,2.0,14480.0,+₹946.31 / +6.54%,+₹732.01 / +5.06%,Active After Trigger,,,,,10,Top 3 Swing scanner pick
2026-08-15,Swing,2,Highest Priority,GRASIM,BUY,94,3305.9,3074.86,3767.98,2.0,3227.3,+₹152.44 / +4.72%,+₹540.68 / +16.75%,Active After Trigger,,,,,10,Top 3 Swing scanner pick
2026-08-15,Swing,3,Highest Priority,HDFCAMC,SELL,94,2473.24,2650.42,2118.9,2.0,2632.4,+₹18.02 / +0.68%,+₹513.50 / +19.51%,Active After Trigger,,,,,10,Top 3 Swing scanner pick
2026-08-15,Intraday,1,Highest Priority,PAGEIND,SELL,94,36651.55,37014.25,35926.15,2.0,35320.0,+₹1694.25 / +4.80%,-₹606.15 / -1.72%,Stop Hit First,Stop,2026-08-17,Loss,-1.0,10,Top 3 Intraday scanner pick
2026-08-14,Intraday,1,Highest Priority,PAGEIND,SELL,94,36651.55,37014.25,35926.15,2.0,35320.0,+₹1694.25 / +4.80%,-₹606.15 / -1.72%,Stop Hit First,Stop,2026-08-17,Loss,-1.0,11,Top 3 Intraday scanner pick
2026-08-14,Swing,3,Highest Priority,IOC,SELL,94,138.54,145.49,124.65,2.0,137.34,+₹8.15 / +5.93%,+₹12.69 / +9.24%,Active After Trigger,,,,,11,Top 3 Swing scanner pick
2026-08-14,Swing,2,Highest Priority,TECHM,BUY,94,1655.3,1599.57,1766.77,2.0,1577.0,-₹22.57 / -1.43%,+₹189.77 / +12.03%,Pending Trigger,,,,,11,Top 3 Swing scanner pick
2026-08-14,Swing,1,Highest Priority,BHARTIARTL,BUY,94,2007.21,1896.57,2228.47,2.0,1946.0,+₹49.43 / +2.54%,+₹282.47 / +14.52%,Pending Trigger,,,,,11,Top 3 Swing scanner pick
2026-08-14,Intraday,1,Highest Priority,APLAPOLLO,BUY,94,2076.04,2036.06,2156.01,2.0,2145.0,+₹108.94 / +5.08%,+₹11.01 / +0.51%,Target Hit First,Target,2026-08-21,Win,2.0,11,Top 3 Intraday scanner pick
2026-08-14,Intraday,2,Highest Priority,BHEL,BUY,94,426.8,420.13,440.14,2.0,409.9,-₹10.23 / -2.50%,+₹30.24 / +7.38%,Ambiguous Entry Candle,Entry/exit same candle,2026-08-14,Ambiguous,,11,Top 3 Intraday scanner pick
2026-08-14,Swing,1,Highest Priority,HDFCAMC,SELL,94,2468.05,2593.75,2216.66,2.0,2610.0,-₹16.25 / -0.62%,+₹393.34 / +15.07%,Pending Trigger,,,,,11,Top 3 Swing scanner pick
2026-08-14,Intraday,1,Highest Priority,SHREECEM,SELL,94,24670.56,25254.82,23502.04,2.0,24020.0,+₹1234.82 / +5.14%,+₹517.96 / +2.16%,Active After Trigger,,,,,10,Top 3 Intraday scanner pick
2026-08-14,Swing,3,Highest Priority,GRASIM,BUY,94,3305.9,3081.96,3753.77,2.0,3288.0,+₹206.04 / +6.27%,+₹465.77 / +14.17%,Active After Trigger,,,,,10,Top 3 Swing scanner pick
2026-08-14,Swing,1,Highest Priority,CUMMINSIND,SELL,94,5319.34,5611.5,4735.03,2.0,5190.0,+₹421.50 / +8.12%,+₹454.97 / +8.77%,Active After Trigger,,,,,10,Top 3 Swing scanner pick
2026-08-14,Swing,2,Highest Priority,DIXON,BUY,94,14093.13,13533.69,15212.01,2.0,14570.0,+₹1036.31 / +7.11%,+₹642.01 / +4.41%,Active After Trigger,,,,,10,Top 3 Swing scanner pick
2026-08-14,Swing,2,Highest Priority,CUMMINSIND,SELL,94,5319.34,5611.5,4735.03,2.0,5167.0,+₹444.50 / +8.60%,+₹431.97 / +8.36%,Active After Trigger,,,,,10,Top 3 Swing scanner pick
2026-08-14,Swing,3,Highest Priority,HDFCAMC,SELL,94,2477.34,2650.74,2130.53,2.0,2610.1,+₹40.64 / +1.56%,+₹479.57 / +18.37%,Active After Trigger,,,,,10,Top 3 Swing scanner pick
2026-08-14,Swing,1,Highest Priority,BHEL,BUY,94,421.04,398.45,466.21,2.0,411.0,+₹12.55 / +3.05%,+₹55.21 / +13.43%,Active After Trigger,,,,,10,Top 3 Swing scanner pick
2026-08-14,Swing,2,Highest Priority,BRITANNIA,BUY,94,5656.79,5349.03,6272.32,2.0,5300.0,-₹49.03 / -0.93%,+₹972.32 / +18.35%,Pending Trigger,,,,,10,Top 3 Swing scanner pick
2026-08-14,Swing,3,Highest Priority,CUMMINSIND,SELL,94,5319.34,5611.5,4735.03,2.0,5155.5,+₹456.00 / +8.84%,+₹420.47 / +8.16%,Active After Trigger,,,,,10,Top 3 Swing scanner pick
2026-08-13,Swing,1,Highest Priority,BHEL,BUY,94,421.34,398.97,466.09,2.0,411.2,+₹12.23 / +2.97%,+₹54.89 / +13.35%,Active After Trigger,,,,,11,Top 3 Swing scanner pick
2026-08-13,Swing,3,Highest Priority,HDFCAMC,SELL,94,2473.24,2650.42,2118.9,2.0,2611.2,+₹39.22 / +1.50%,+₹492.30 / +18.85%,Active After Trigger,,,,,11,Top 3 Swing scanner pick
2026-08-13,Swing,1,Highest Priority,DIXON,BUY,94,14093.13,13533.69,15212.01,2.0,14541.0,+₹1007.31 / +6.93%,+₹671.01 / +4.61%,Active After Trigger,,,,,11,Top 3 Swing scanner pick
2026-08-13,Swing,2,Highest Priority,HDFCAMC,SELL,94,2473.24,2650.42,2118.9,2.0,2620.4,+₹30.02 / +1.15%,+₹501.50 / +19.14%,Active After Trigger,,,,,11,Top 3 Swing scanner pick
2026-08-13,Swing,3,Highest Priority,M&M,BUY,94,3446.88,3233.43,3873.77,2.0,3416.7,+₹183.27 / +5.36%,+₹457.07 / +13.38%,Active After Trigger,,,,,11,Top 3 Swing scanner pick
2026-08-13,Swing,2,Highest Priority,DIXON,BUY,92,14051.05,13507.92,15137.3,2.0,14850.0,+₹1342.08 / +9.04%,+₹287.30 / +1.93%,Active After Trigger,,,,,10,Top 3 Swing scanner pick
2026-08-13,Swing,2,Highest Priority,GRASIM,BUY,94,3305.9,3074.86,3767.98,2.0,3308.0,+₹233.14 / +7.05%,+₹459.98 / +13.91%,Active After Trigger,,,,,10,Top 3 Swing scanner pick
2026-08-13,Intraday,1,Highest Priority,MPHASIS,BUY,94,2534.06,2494.85,2612.47,2.0,2430.0,-₹64.85 / -2.67%,+₹182.47 / +7.51%,Stop Hit First,Stop,2026-08-17,Loss,-1.0,10,Top 3 Intraday scanner pick
2026-08-13,Swing,1,Highest Priority,BHARTIARTL,BUY,94,1973.94,1896.95,2127.91,2.0,1946.0,+₹49.05 / +2.52%,+₹181.91 / +9.35%,Active After Trigger,,,,,9,Top 3 Swing scanner pick
2026-08-13,Swing,2,Highest Priority,BHEL,BUY,94,421.04,398.45,466.21,2.0,413.0,+₹14.55 / +3.52%,+₹53.21 / +12.88%,Active After Trigger,,,,,9,Top 3 Swing scanner pick
2026-08-13,Swing,2,Highest Priority,BANKBARODA,SELL,94,243.11,251.85,225.64,2.0,247.0,+₹4.85 / +1.96%,+₹21.36 / +8.65%,Pending Trigger,,,,,9,Top 3 Swing scanner pick
2026-08-13,Swing,3,Highest Priority,BANKBARODA,SELL,94,243.11,251.85,225.64,2.0,244.5,+₹7.35 / +3.01%,+₹18.86 / +7.71%,Pending Trigger,,,,,9,Top 3 Swing scanner pick
2026-08-13,Swing,1,Highest Priority,ABCAPITAL,BUY,94,410.72,386.54,459.07,2.0,409.0,+₹22.46 / +5.49%,+₹50.07 / +12.24%,Pending Trigger,,,,,9,Top 3 Swing scanner pick
2026-08-13,Swing,2,Highest Priority,ASIANPAINT,BUY,94,2753.1,2658.76,2941.77,2.0,2640.0,-₹18.76 / -0.71%,+₹301.77 / +11.43%,Stop Hit First,Stop,2026-08-18,Loss,-1.0,8,Top 3 Swing scanner pick
2026-08-13,Swing,3,Highest Priority,BRITANNIA,BUY,94,5663.3,5348.38,6293.14,2.0,5365.0,+₹16.62 / +0.31%,+₹928.14 / +17.30%,Stop Hit First,Stop,2026-08-21,Loss,-1.0,8,Top 3 Swing scanner pick
2026-08-13,Swing,1,Highest Priority,ASIANPAINT,BUY,94,2753.1,2658.77,2941.74,2.0,2640.0,-₹18.77 / -0.71%,+₹301.74 / +11.43%,Stop Hit First,Stop,2026-08-18,Loss,-1.0,8,Top 3 Swing scanner pick
2026-08-13,Swing,2,Highest Priority,BRITANNIA,BUY,94,5663.3,5349.03,6291.86,2.0,5343.5,-₹5.53 / -0.10%,+₹948.36 / +17.75%,Stop Hit First,Stop,2026-08-21,Loss,-1.0,8,Top 3 Swing scanner pick
2026-08-13,Swing,3,Highest Priority,COALINDIA,SELL,94,408.43,419.06,387.18,2.0,405.25,+₹13.81 / +3.41%,+₹18.07 / +4.46%,Active After Trigger,,,,,8,Top 3 Swing scanner pick
2026-08-12,Swing,1,Highest Priority,BRITANNIA,BUY,94,5656.79,5349.03,6272.32,2.0,5380.0,+₹30.97 / +0.58%,+₹892.32 / +16.59%,Active After Trigger,,,,,9,Top 3 Swing scanner pick
2026-08-12,Swing,3,Highest Priority,HDFCAMC,SELL,94,2477.34,2650.74,2130.53,2.0,2614.5,+₹36.24 / +1.39%,+₹483.97 / +18.51%,Active After Trigger,,,,,9,Top 3 Swing scanner pick
2026-08-12,Swing,3,Highest Priority,CUMMINSIND,SELL,94,5319.34,5611.5,4735.03,2.0,5126.5,+₹485.00 / +9.46%,+₹391.47 / +7.64%,Active After Trigger,,,,,9,Top 3 Swing scanner pick
2026-08-12,Swing,1,Highest Priority,BHEL,BUY,94,419.64,398.47,461.98,2.0,414.4,+₹15.93 / +3.84%,+₹47.58 / +11.48%,Active After Trigger,,,,,9,Top 3 Swing scanner pick
2026-08-12,Swing,2,Highest Priority,CUMMINSIND,SELL,94,5319.34,5611.5,4735.03,2.0,5126.5,+₹485.00 / +9.46%,+₹391.47 / +7.64%,Active After Trigger,,,,,9,Top 3 Swing scanner pick
2026-08-12,Swing,3,Highest Priority,NTPC,SELL,94,334.68,351.62,300.79,2.0,337.95,+₹13.67 / +4.04%,+₹37.16 / +11.00%,Active After Trigger,,,,,9,Top 3 Swing scanner pick
2026-08-12,Swing,1,Highest Priority,TATASTEEL,SELL,94,183.23,194.13,161.44,2.0,184.0,+₹10.13 / +5.51%,+₹22.56 / +12.26%,Active After Trigger,,,,,9,Top 3 Swing scanner pick
2026-08-12,Swing,2,Highest Priority,TECHM,BUY,92,1660.31,1602.43,1776.09,2.0,1589.8,-₹12.63 / -0.79%,+₹186.29 / +11.72%,Pending Trigger,,,,,9,Top 3 Swing scanner pick
2026-08-12,Intraday,1,Highest Priority,BHEL,BUY,94,414.33,403.11,436.76,2.0,413.5,+₹10.39 / +2.51%,+₹23.26 / +5.63%,Active After Trigger,,,,,9,Top 3 Intraday scanner pick
2026-08-12,Swing,2,Highest Priority,BHARTIARTL,SELL,94,1897.5,2034.51,1623.48,2.0,1922.0,+₹112.51 / +5.85%,+₹298.52 / +15.53%,Pending Trigger,,,,,9,Top 3 Swing scanner pick
2026-08-12,Swing,3,Highest Priority,CANBK,BUY,94,133.38,125.23,149.67,2.0,129.08,+₹3.85 / +2.98%,+₹20.59 / +15.95%,Pending Trigger,,,,,9,Top 3 Swing scanner pick
2026-08-12,Swing,1,Highest Priority,APOLLOHOSP,SELL,94,8563.84,9065.96,7559.59,2.0,8735.0,+₹330.96 / +3.79%,+₹1175.41 / +13.46%,Active After Trigger,,,,,8,Top 3 Swing scanner pick
2026-08-12,Swing,3,Highest Priority,COALINDIA,SELL,94,408.43,419.06,387.18,2.0,402.5,+₹16.56 / +4.11%,+₹15.32 / +3.81%,Active After Trigger,,,,,8,Top 3 Swing scanner pick
2026-08-12,Swing,1,Highest Priority,ASIANPAINT,BUY,94,2767.02,2658.72,2983.63,2.0,2625.2,-₹33.52 / -1.28%,+₹358.43 / +13.65%,Pending Trigger,,,,,8,Top 3 Swing scanner pick
2026-08-12,Swing,2,Highest Priority,BRITANNIA,BUY,94,5654.79,5348.11,6268.13,2.0,5541.5,+₹193.39 / +3.49%,+₹726.63 / +13.11%,Active After Trigger,,,,,8,Top 3 Swing scanner pick
2026-08-12,Swing,3,Highest Priority,DRREDDY,SELL,94,1153.69,1190.31,1080.44,2.0,1182.7,+₹7.61 / +0.64%,+₹102.26 / +8.65%,Pending Trigger,,,,,8,Top 3 Swing scanner pick
2026-08-11,Swing,3,Highest Priority,COALINDIA,SELL,94,408.43,419.06,387.18,2.0,401.8,+₹17.26 / +4.30%,+₹14.62 / +3.64%,Active After Trigger,,,,,9,Top 3 Swing scanner pick
2026-08-11,Swing,1,Highest Priority,EICHERMOT,BUY,94,8126.22,7710.3,8958.06,2.0,8010.5,+₹300.20 / +3.75%,+₹947.56 / +11.83%,Active After Trigger,,,,,9,Top 3 Swing scanner pick
2026-08-11,Swing,2,Highest Priority,TATACONSUM,SELL,94,1073.75,1113.03,995.18,2.0,1069.1,+₹43.93 / +4.11%,+₹73.92 / +6.91%,Active After Trigger,,,,,9,Top 3 Swing scanner pick
2026-08-11,Swing,1,Highest Priority,ONGC,SELL,94,239.62,246.1,226.66,2.0,235.75,+₹10.35 / +4.39%,+₹9.09 / +3.86%,Active After Trigger,,,,,9,Top 3 Swing scanner pick
2026-08-11,Swing,1,Highest Priority,ASIANPAINT,BUY,94,2767.02,2656.84,2987.4,2.0,2626.9,-₹29.94 / -1.14%,+₹360.50 / +13.72%,Pending Trigger,,,,,9,Top 3 Swing scanner pick
2026-08-11,Swing,2,Highest Priority,BRITANNIA,BUY,94,5654.79,5328.46,6307.44,2.0,5453.0,+₹124.54 / +2.28%,+₹854.44 / +15.67%,Active After Trigger,,,,,9,Top 3 Swing scanner pick
2026-08-11,Swing,3,Highest Priority,DRREDDY,SELL,94,1153.69,1190.31,1080.44,2.0,1170.0,+₹20.31 / +1.74%,+₹89.56 / +7.65%,Pending Trigger,,,,,9,Top 3 Swing scanner pick
2026-08-11,Swing,1,Highest Priority,BRITANNIA,BUY,94,5654.79,5348.11,6268.13,2.0,5495.0,+₹146.89 / +2.67%,+₹773.13 / +14.07%,Active After Trigger,,,,,9,Top 3 Swing scanner pick
2026-08-11,Swing,2,Highest Priority,KOTAKBANK,BUY,94,394.29,382.26,418.33,2.0,387.65,+₹5.39 / +1.39%,+₹30.68 / +7.91%,Active After Trigger,,,,,9,Top 3 Swing scanner pick
2026-08-11,Swing,3,Highest Priority,TRENT,BUY,94,3053.09,2899.79,3359.7,2.0,2953.0,+₹53.21 / +1.80%,+₹406.70 / +13.77%,Pending Trigger,,,,,8,Top 3 Swing scanner pick
2026-08-11,Swing,1,Highest Priority,BPCL,BUY,94,324.2,311.98,348.62,2.0,307.0,-₹4.98 / -1.62%,+₹41.62 / +13.56%,Pending Trigger,,,,,8,Top 3 Swing scanner pick
2026-08-11,Swing,2,Highest Priority,RECLTD,BUY,94,369.44,356.02,396.26,2.0,337.0,-₹19.02 / -5.64%,+₹59.26 / +17.58%,Pending Trigger,,,,,8,Top 3 Swing scanner pick
2026-08-11,Intraday,1,Highest Priority,NAUKRI,BUY,94,1284.56,1251.74,1350.22,2.0,1378.4,+₹126.66 / +9.19%,-₹28.18 / -2.04%,Target Hit First,Target,2026-08-11,Win,2.0,8,Top 3 Intraday scanner pick
2026-08-10,Swing,2,Highest Priority,JSWSTEEL,BUY,94,1314.62,1238.0,1467.87,2.0,1285.8,+₹47.80 / +3.72%,+₹182.07 / +14.16%,Pending Trigger,,,,,9,Top 3 Swing scanner pick
2026-08-10,Swing,3,Highest Priority,KOTAKBANK,BUY,94,394.29,382.26,418.33,2.0,390.25,+₹7.99 / +2.05%,+₹28.08 / +7.20%,Active After Trigger,,,,,9,Top 3 Swing scanner pick
2026-08-10,Intraday,1,Highest Priority,NAUKRI,BUY,94,1284.56,1251.74,1350.22,2.0,1366.0,+₹114.26 / +8.36%,-₹15.78 / -1.16%,Target Hit First,Target,2026-08-11,Win,2.0,9,Top 3 Intraday scanner pick
2026-08-10,Swing,1,Highest Priority,BRITANNIA,BUY,94,5654.79,5328.46,6307.44,2.0,5487.5,+₹159.04 / +2.90%,+₹819.94 / +14.94%,Active After Trigger,,,,,9,Top 3 Swing scanner pick
2026-08-10,Swing,1,Highest Priority,IRCTC,BUY,94,528.05,486.01,612.14,2.0,489.0,+₹2.99 / +0.61%,+₹123.14 / +25.18%,Pending Trigger,,,,,9,Top 3 Swing scanner pick
2026-08-10,Swing,2,Highest Priority,KOTAKBANK,BUY,94,393.79,384.48,412.4,2.0,391.0,+₹6.52 / +1.67%,+₹21.40 / +5.47%,Active After Trigger,,,,,9,Top 3 Swing scanner pick
2026-08-10,Swing,3,Highest Priority,NAUKRI,BUY,94,1290.58,1218.98,1433.78,2.0,1370.5,+₹151.52 / +11.06%,+₹63.28 / +4.62%,Active After Trigger,,,,,9,Top 3 Swing scanner pick
2026-08-10,Intraday,1,Highest Priority,GRASIM,BUY,94,3412.61,3353.22,3531.38,2.0,3255.0,-₹98.22 / -3.02%,+₹276.38 / +8.49%,Pending Trigger,,,,,9,Top 3 Intraday scanner pick
2026-08-10,Swing,1,Highest Priority,NAUKRI,BUY,94,1276.95,1193.65,1443.54,2.0,1354.3,+₹160.65 / +11.86%,+₹89.24 / +6.59%,Active After Trigger,,,,,9,Top 3 Swing scanner pick
2026-08-10,Intraday,1,Highest Priority,KOTAKBANK,SELL,94,387.17,392.99,375.54,2.0,388.55,+₹4.44 / +1.14%,+₹13.01 / +3.35%,Stop Hit First,Stop,2026-08-10,Loss,-1.0,9,Top 3 Intraday scanner pick
2026-08-10,Intraday,2,Highest Priority,SAIL,BUY,94,179.75,174.55,190.15,2.0,170.2,-₹4.35 / -2.56%,+₹19.95 / +11.72%,Stop Hit First,Stop,2026-08-10,Loss,-1.0,9,Top 3 Intraday scanner pick
2026-08-10,Swing,1,Highest Priority,BPCL,BUY,94,324.2,311.98,348.62,2.0,316.65,+₹4.67 / +1.47%,+₹31.97 / +10.10%,Pending Trigger,,,,,9,Top 3 Swing scanner pick
2026-08-10,Swing,2,Highest Priority,RECLTD,BUY,94,369.44,356.02,396.26,2.0,340.0,-₹16.02 / -4.71%,+₹56.26 / +16.55%,Pending Trigger,,,,,9,Top 3 Swing scanner pick
2026-08-10,Intraday,1,Highest Priority,GODREJCP,SELL,94,1044.21,1062.01,1008.6,2.0,931.0,+₹131.01 / +14.07%,-₹77.60 / -8.34%,Target Hit First,Target,2026-08-12,Win,2.0,8,Top 3 Intraday scanner pick
2026-08-10,Intraday,2,Highest Priority,SBIN,BUY,94,1103.5,1081.12,1148.26,2.0,1053.0,-₹28.12 / -2.67%,+₹95.26 / +9.05%,Stop Hit First,Stop,2026-08-10,Loss,-1.0,8,Top 3 Intraday scanner pick
2026-08-09,Swing,1,Highest Priority,BPCL,BUY,94,324.2,311.98,348.62,2.0,310.3,-₹1.68 / -0.54%,+₹38.32 / +12.35%,Pending Trigger,,,,,9,Top 3 Swing scanner pick
2026-08-09,Swing,2,Highest Priority,RECLTD,BUY,94,369.44,356.02,396.26,2.0,340.1,-₹15.92 / -4.68%,+₹56.16 / +16.51%,Pending Trigger,,,,,9,Top 3 Swing scanner pick
2026-08-09,Intraday,1,Highest Priority,GODREJCP,SELL,94,1044.21,1062.01,1008.6,2.0,929.9,+₹132.11 / +14.21%,-₹78.70 / -8.46%,Target Hit First,Target,2026-08-12,Win,2.0,9,Top 3 Intraday scanner pick
2026-08-09,Intraday,2,Highest Priority,SBIN,BUY,94,1103.5,1081.12,1148.26,2.0,1057.0,-₹24.12 / -2.28%,+₹91.26 / +8.63%,Stop Hit First,Stop,2026-08-10,Loss,-1.0,9,Top 3 Intraday scanner pick
2026-08-08,Swing,1,Highest Priority,BPCL,BUY,94,324.2,311.98,348.62,2.0,312.75,+₹0.77 / +0.25%,+₹35.87 / +11.47%,Pending Trigger,,,,,10,Top 3 Swing scanner pick
2026-08-08,Swing,1,Highest Priority,CIPLA,BUY,94,1491.08,1385.99,1701.25,2.0,1434.5,+₹48.51 / +3.38%,+₹266.75 / +18.60%,Pending Trigger,,,,,10,Top 3 Swing scanner pick
2026-08-08,Swing,2,Highest Priority,RECLTD,BUY,94,369.44,356.02,396.26,2.0,340.05,-₹15.97 / -4.70%,+₹56.21 / +16.53%,Pending Trigger,,,,,10,Top 3 Swing scanner pick
2026-08-08,Swing,1,Highest Priority,RECLTD,BUY,94,369.44,356.02,396.26,2.0,340.0,-₹16.02 / -4.71%,+₹56.26 / +16.55%,Pending Trigger,,,,,10,Top 3 Swing scanner pick
2026-08-08,Swing,1,Highest Priority,GAIL,BUY,94,178.06,166.74,200.68,2.0,174.9,+₹8.16 / +4.67%,+₹25.78 / +14.74%,Pending Trigger,,,,,10,Top 3 Swing scanner pick
2026-08-08,Swing,2,Highest Priority,ICICIBANK,BUY,94,1462.92,1412.66,1563.44,2.0,1417.0,+₹4.34 / +0.31%,+₹146.44 / +10.33%,Pending Trigger,,,,,10,Top 3 Swing scanner pick
2026-08-08,Intraday,1,Highest Priority,GODREJCP,SELL,94,1044.21,1062.01,1008.6,2.0,928.0,+₹134.01 / +14.44%,-₹80.60 / -8.69%,Target Hit First,Target,2026-08-12,Win,2.0,10,Top 3 Intraday scanner pick
2026-08-08,Intraday,2,Highest Priority,SBIN,BUY,94,1103.5,1081.12,1148.26,2.0,1061.2,-₹19.92 / -1.88%,+₹87.06 / +8.20%,Stop Hit First,Stop,2026-08-10,Loss,-1.0,9,Top 3 Intraday scanner pick
2026-08-07,Intraday,1,Highest Priority,GODREJCP,SELL,94,1044.21,1062.01,1008.6,2.0,928.0,+₹134.01 / +14.44%,-₹80.60 / -8.69%,Ambiguous Entry Candle,Entry/exit same candle,2026-08-07,Ambiguous,,10,Top 3 Intraday scanner pick
2026-08-07,Intraday,2,Highest Priority,SBIN,BUY,94,1103.5,1081.12,1148.26,2.0,1061.2,-₹19.92 / -1.88%,+₹87.06 / +8.20%,Stop Hit First,Stop,2026-08-10,Loss,-1.0,10,Top 3 Intraday scanner pick
2026-08-07,Swing,1,Highest Priority,RECLTD,BUY,94,369.44,356.02,396.26,2.0,340.0,-₹16.02 / -4.71%,+₹56.26 / +16.55%,Pending Trigger,,,,,10,Top 3 Swing scanner pick
2026-08-07,Swing,2,Highest Priority,BPCL,BUY,92,324.2,311.98,348.62,2.0,317.25,+₹5.27 / +1.66%,+₹31.37 / +9.89%,Pending Trigger,,,,,10,Top 3 Swing scanner pick
2026-08-07,Intraday,1,Highest Priority,ABCAPITAL,SELL,94,405.49,410.01,396.44,2.0,398.1,+₹11.91 / +2.99%,+₹1.66 / +0.42%,Stop Hit First,Stop,2026-08-10,Loss,-1.0,10,Top 3 Intraday scanner pick
2026-08-07,Intraday,2,Highest Priority,GODREJCP,SELL,94,1044.21,1062.01,1008.6,2.0,934.7,+₹127.31 / +13.62%,-₹73.90 / -7.91%,Ambiguous Entry Candle,Entry/exit same candle,2026-08-07,Ambiguous,,10,Top 3 Intraday scanner pick
2026-08-07,Intraday,3,Highest Priority,MOTHERSON,BUY,94,169.84,167.43,174.65,2.0,168.43,+₹1.00 / +0.59%,+₹6.22 / +3.69%,Stop Hit First,Stop,2026-08-10,Loss,-1.0,10,Top 3 Intraday scanner pick
2026-08-07,Swing,2,Highest Priority,BRITANNIA,BUY,94,5671.32,5351.19,6311.58,2.0,5542.5,+₹191.31 / +3.45%,+₹769.08 / +13.88%,Active After Trigger,,,,,10,Top 3 Swing scanner pick
2026-08-07,Swing,3,Highest Priority,CANBK,BUY,94,132.74,123.4,151.44,2.0,130.83,+₹7.43 / +5.68%,+₹20.61 / +15.75%,Active After Trigger,,,,,10,Top 3 Swing scanner pick
2026-08-07,Swing,1,Highest Priority,AUROPHARMA,BUY,94,1654.2,1532.3,1898.0,2.0,1631.9,+₹99.60 / +6.10%,+₹266.10 / +16.31%,Active After Trigger,,,,,10,Top 3 Swing scanner pick
2026-08-07,Swing,2,Highest Priority,RECLTD,BUY,94,369.44,359.59,389.14,2.0,334.6,-₹24.99 / -7.47%,+₹54.54 / +16.30%,Pending Trigger,,,,,10,Top 3 Swing scanner pick
2026-08-07,Swing,3,Highest Priority,TECHM,BUY,94,1684.86,1591.79,1871.01,2.0,1614.3,+₹22.51 / +1.39%,+₹256.71 / +15.90%,Pending Trigger,,,,,10,Top 3 Swing scanner pick
2026-08-07,Swing,1,Highest Priority,BRITANNIA,BUY,94,5671.32,5302.19,6409.59,2.0,5531.0,+₹228.81 / +4.14%,+₹878.59 / +15.88%,Active After Trigger,,,,,10,Top 3 Swing scanner pick
2026-08-07,Intraday,1,Highest Priority,BANKBARODA,BUY,94,250.42,247.93,255.41,2.0,248.22,+₹0.29 / +0.12%,+₹7.19 / +2.90%,Stop Hit First,Stop,2026-08-10,Loss,-1.0,9,Top 3 Intraday scanner pick
2026-08-07,Intraday,2,Highest Priority,NAUKRI,SELL,94,1225.64,1243.48,1189.97,2.0,1343.0,-₹99.52 / -7.41%,+₹153.03 / +11.39%,Stop Hit First,Stop,2026-08-10,Loss,-1.0,9,Top 3 Intraday scanner pick
2026-08-07,Intraday,3,Highest Priority,TCS,BUY,94,2434.76,2367.67,2568.94,2.0,2361.0,-₹6.67 / -0.28%,+₹207.94 / +8.81%,Stop Hit First,Stop,2026-08-12,Loss,-1.0,9,Top 3 Intraday scanner pick
2026-08-07,Swing,1,Highest Priority,GAIL,BUY,94,178.06,166.74,200.68,2.0,174.9,+₹8.16 / +4.67%,+₹25.78 / +14.74%,Pending Trigger,,,,,9,Top 3 Swing scanner pick
2026-08-07,Swing,2,Highest Priority,ICICIBANK,BUY,94,1462.92,1412.66,1563.44,2.0,1417.0,+₹4.34 / +0.31%,+₹146.44 / +10.33%,Pending Trigger,,,,,8,Top 3 Swing scanner pick
2026-08-07,Swing,1,Highest Priority,APOLLOHOSP,BUY,94,9033.03,8726.39,9646.31,2.0,8920.5,+₹194.11 / +2.18%,+₹725.81 / +8.14%,Pending Trigger,,,,,8,Top 3 Swing scanner pick
2026-08-07,Swing,2,Highest Priority,BHARTIARTL,BUY,94,1973.94,1873.76,2174.31,2.0,1992.1,+₹118.34 / +5.94%,+₹182.21 / +9.15%,Active After Trigger,,,,,8,Top 3 Swing scanner pick
2026-08-07,Swing,3,Highest Priority,CIPLA,BUY,94,1491.08,1385.99,1701.25,2.0,1450.0,+₹64.01 / +4.41%,+₹251.25 / +17.33%,Pending Trigger,,,,,8,Top 3 Swing scanner pick
2026-08-06,Intraday,1,Highest Priority,BRITANNIA,SELL,94,5354.27,5434.51,5193.79,2.0,5558.0,-₹123.49 / -2.22%,+₹364.21 / +6.55%,Pending Trigger,,,,,9,Top 3 Intraday scanner pick
2026-08-06,Swing,3,Highest Priority,CIPLA,BUY,94,1491.08,1385.99,1701.25,2.0,1458.8,+₹72.81 / +4.99%,+₹242.45 / +16.62%,Pending Trigger,,,,,9,Top 3 Swing scanner pick
2026-08-06,Intraday,1,Highest Priority,CHOLAFIN,BUY,94,1947.29,1926.88,1988.1,2.0,1894.4,-₹32.48 / -1.71%,+₹93.70 / +4.95%,Stop Hit First,Stop,2026-08-07,Loss,-1.0,9,Top 3 Intraday scanner pick
2026-08-06,Swing,1,Highest Priority,GAIL,BUY,94,178.06,166.74,200.68,2.0,175.9,+₹9.16 / +5.21%,+₹24.78 / +14.09%,Pending Trigger,,,,,9,Top 3 Swing scanner pick
2026-08-06,Intraday,1,Highest Priority,APLAPOLLO,BUY,94,1968.83,1946.17,2014.15,2.0,2083.3,+₹137.13 / +6.58%,-₹69.15 / -3.32%,Stop Hit First,Stop,2026-08-06,Loss,-1.0,9,Top 3 Intraday scanner pick
2026-08-06,Swing,2,Highest Priority,AUROPHARMA,BUY,94,1628.25,1507.2,1870.35,2.0,1622.1,+₹114.90 / +7.08%,+₹248.25 / +15.30%,Active After Trigger,,,,,8,Top 3 Swing scanner pick
2026-08-06,Swing,3,Highest Priority,GAIL,BUY,94,177.6,166.74,199.32,2.0,174.9,+₹8.16 / +4.67%,+₹24.42 / +13.96%,Active After Trigger,,,,,8,Top 3 Swing scanner pick
2026-08-06,Swing,3,Highest Priority,BRITANNIA,BUY,94,5514.51,5303.9,5935.73,2.0,5558.0,+₹254.10 / +4.57%,+₹377.73 / +6.80%,Active After Trigger,,,,,8,Top 3 Swing scanner pick
2026-08-06,Swing,1,Highest Priority,APOLLOHOSP,BUY,94,9068.1,8727.82,9748.67,2.0,8920.5,+₹192.68 / +2.16%,+₹828.17 / +9.28%,Pending Trigger,,,,,8,Top 3 Swing scanner pick
2026-08-06,Swing,2,Highest Priority,BHARTIARTL,BUY,94,1983.96,1874.37,2203.14,2.0,1991.3,+₹116.93 / +5.87%,+₹211.84 / +10.64%,Active After Trigger,,,,,8,Top 3 Swing scanner pick
2026-08-06,Swing,3,Highest Priority,ICICIBANK,BUY,94,1457.51,1412.49,1547.54,2.0,1410.7,-₹1.79 / -0.13%,+₹136.84 / +9.70%,Stop Hit First,Stop,2026-08-11,Loss,-1.0,8,Top 3 Swing scanner pick
2026-08-05,Swing,2,Highest Priority,GAIL,BUY,94,177.6,166.74,199.32,2.0,174.28,+₹7.54 / +4.33%,+₹25.04 / +14.37%,Active After Trigger,,,,,9,Top 3 Swing scanner pick
2026-08-05,Swing,3,Highest Priority,ICICIBANK,BUY,94,1457.51,1412.44,1547.64,2.0,1411.2,-₹1.24 / -0.09%,+₹136.44 / +9.67%,Stop Hit First,Stop,2026-08-11,Loss,-1.0,9,Top 3 Swing scanner pick
2026-08-05,Swing,1,Highest Priority,GAIL,BUY,94,177.6,166.74,199.32,2.0,173.72,+₹6.98 / +4.02%,+₹25.60 / +14.74%,Active After Trigger,,,,,9,Top 3 Swing scanner pick
2026-08-05,Swing,2,Highest Priority,ICICIBANK,BUY,94,1457.51,1412.44,1547.64,2.0,1411.2,-₹1.24 / -0.09%,+₹136.44 / +9.67%,Stop Hit First,Stop,2026-08-11,Loss,-1.0,9,Top 3 Swing scanner pick
2026-08-05,Swing,1,Highest Priority,ICICIBANK,BUY,94,1457.51,1412.44,1547.64,2.0,1406.8,-₹5.64 / -0.40%,+₹140.84 / +10.01%,Stop Hit First,Stop,2026-08-11,Loss,-1.0,9,Top 3 Swing scanner pick
2026-08-05,Swing,2,Highest Priority,NESTLEIND,BUY,94,1527.65,1426.15,1730.65,2.0,1507.0,+₹80.85 / +5.36%,+₹223.65 / +14.84%,Active After Trigger,,,,,9,Top 3 Swing scanner pick
2026-08-05,Swing,3,Highest Priority,SBIN,BUY,94,1056.11,998.68,1170.97,2.0,1083.0,+₹84.32 / +7.79%,+₹87.97 / +8.12%,Active After Trigger,,,,,9,Top 3 Swing scanner pick
2026-08-05,Intraday,1,Highest Priority,PAYTM,BUY,94,1439.17,1418.52,1480.49,2.0,1649.5,+₹230.98 / +14.00%,-₹169.01 / -10.25%,Target Hit First,Target,2026-08-10,Win,2.0,9,Top 3 Intraday scanner pick
2026-08-05,Swing,1,Highest Priority,AUROPHARMA,BUY,94,1623.24,1507.24,1855.24,2.0,1667.0,+₹159.76 / +9.58%,+₹188.24 / +11.29%,Active After Trigger,,,,,9,Top 3 Swing scanner pick
2026-08-05,Swing,1,Highest Priority,EICHERMOT,BUY,92,8040.05,7555.92,9008.31,2.0,8049.0,+₹493.08 / +6.13%,+₹959.31 / +11.92%,Active After Trigger,,,,,9,Top 3 Swing scanner pick
2026-08-05,Swing,1,Highest Priority,ABBOTINDIA,BUY,94,28101.09,27366.77,29569.73,2.0,28140.0,+₹773.23 / +2.75%,+₹1429.73 / +5.08%,Ambiguous Entry Candle,Entry/exit same candle,2026-08-11,Ambiguous,,9,Top 3 Swing scanner pick
2026-08-05,Swing,2,Highest Priority,DIXON,BUY,94,14113.17,13423.49,15492.53,2.0,14035.0,+₹611.51 / +4.36%,+₹1457.53 / +10.38%,Active After Trigger,,,,,8,Top 3 Swing scanner pick
2026-08-05,Swing,3,Highest Priority,JSWSTEEL,BUY,94,1297.39,1225.11,1441.96,2.0,1275.0,+₹49.89 / +3.91%,+₹166.96 / +13.09%,Active After Trigger,,,,,8,Top 3 Swing scanner pick
2026-08-05,Swing,1,Highest Priority,DIXON,BUY,94,14113.17,13423.49,15492.53,2.0,14035.0,+₹611.51 / +4.36%,+₹1457.53 / +10.38%,Active After Trigger,,,,,8,Top 3 Swing scanner pick
2026-08-05,Swing,2,Highest Priority,JSWSTEEL,BUY,94,1297.39,1225.11,1441.96,2.0,1275.0,+₹49.89 / +3.91%,+₹166.96 / +13.09%,Active After Trigger,,,,,8,Top 3 Swing scanner pick
2026-08-05,Swing,3,Highest Priority,MARICO,BUY,94,883.11,835.17,978.99,2.0,864.45,+₹29.28 / +3.39%,+₹114.54 / +13.25%,Pending Trigger,,,,,8,Top 3 Swing scanner pick
2026-08-04,Swing,1,Highest Priority,MARICO,BUY,94,882.76,839.31,969.67,2.0,860.3,+₹20.99 / +2.44%,+₹109.37 / +12.71%,Pending Trigger,,,,,9,Top 3 Swing scanner pick
2026-08-04,Swing,2,Highest Priority,NESTLEIND,BUY,94,1538.97,1426.3,1764.31,2.0,1502.9,+₹76.60 / +5.10%,+₹261.41 / +17.39%,Active After Trigger,,,,,9,Top 3 Swing scanner pick
2026-08-04,Swing,3,Highest Priority,SBILIFE,BUY,94,1913.62,1792.2,2156.46,2.0,1819.6,+₹27.40 / +1.51%,+₹336.86 / +18.51%,Pending Trigger,,,,,9,Top 3 Swing scanner pick
2026-08-04,Swing,3,Highest Priority,ICICIBANK,BUY,94,1457.51,1412.49,1547.54,2.0,1414.2,+₹1.71 / +0.12%,+₹133.34 / +9.43%,Stop Hit First,Stop,2026-08-11,Loss,-1.0,9,Top 3 Swing scanner pick
2026-08-04,Swing,1,Highest Priority,BRITANNIA,BUY,94,5514.51,5306.52,5930.47,2.0,5657.0,+₹350.48 / +6.20%,+₹273.47 / +4.83%,Active After Trigger,,,,,9,Top 3 Swing scanner pick
2026-08-04,Swing,2,Highest Priority,GAIL,BUY,94,177.3,166.84,198.24,2.0,175.33,+₹8.49 / +4.84%,+₹22.91 / +13.07%,Active After Trigger,,,,,9,Top 3 Swing scanner pick
2026-08-04,Swing,3,Highest Priority,HINDALCO,BUY,94,1013.32,933.14,1173.69,2.0,1078.5,+₹145.36 / +13.48%,+₹95.19 / +8.83%,Active After Trigger,,,,,9,Top 3 Swing scanner pick
2026-08-04,Intraday,1,Highest Priority,GAIL,BUY,94,176.33,174.42,180.15,2.0,177.95,+₹3.53 / +1.98%,+₹2.20 / +1.24%,Stop Hit First,Stop,2026-08-05,Loss,-1.0,9,Top 3 Intraday scanner pick
2026-08-04,Swing,1,Highest Priority,HINDALCO,BUY,94,1013.32,933.29,1173.4,2.0,1049.1,+₹115.81 / +11.04%,+₹124.30 / +11.85%,Active After Trigger,,,,,9,Top 3 Swing scanner pick
2026-08-04,Intraday,1,Highest Priority,AXISBANK,BUY,94,1262.42,1248.48,1290.3,2.0,1230.0,-₹18.48 / -1.50%,+₹60.30 / +4.90%,Pending Trigger,,,,,9,Top 3 Intraday scanner pick
2026-08-04,Intraday,2,Highest Priority,NESTLEIND,BUY,94,1537.87,1505.41,1602.78,2.0,1507.0,+₹1.59 / +0.11%,+₹95.78 / +6.36%,Stop Hit First,Stop,2026-08-11,Loss,-1.0,9,Top 3 Intraday scanner pick
2026-08-04,Swing,3,Highest Priority,BRITANNIA,BUY,94,5573.12,5287.05,6145.27,2.0,5598.0,+₹310.95 / +5.55%,+₹547.27 / +9.78%,Active After Trigger,,,,,9,Top 3 Swing scanner pick
2026-08-04,Swing,1,Highest Priority,APOLLOHOSP,BUY,94,9054.57,8730.05,9703.61,2.0,8750.5,+₹20.45 / +0.23%,+₹953.11 / +10.89%,Pending Trigger,,,,,9,Top 3 Swing scanner pick
2026-08-04,Swing,2,Highest Priority,BHARTIARTL,BUY,94,1980.35,1874.33,2192.4,2.0,1945.0,+₹70.67 / +3.63%,+₹247.40 / +12.72%,Active After Trigger,,,,,8,Top 3 Swing scanner pick
2026-08-04,Swing,3,Highest Priority,HAL,BUY,94,4678.34,4450.98,5133.06,2.0,4995.0,+₹544.02 / +10.89%,+₹138.06 / +2.76%,Active After Trigger,,,,,8,Top 3 Swing scanner pick
2026-08-04,Intraday,1,Highest Priority,DIVISLAB,BUY,94,8602.17,8302.99,9200.52,2.0,8600.0,+₹297.01 / +3.45%,+₹600.52 / +6.98%,Active After Trigger,,,,,8,Top 3 Intraday scanner pick
2026-08-03,Swing,1,Highest Priority,BRITANNIA,BUY,94,5542.06,5304.11,6017.97,2.0,5645.5,+₹341.39 / +6.05%,+₹372.47 / +6.60%,Active After Trigger,,,,,9,Top 3 Swing scanner pick
2026-08-03,Swing,2,Highest Priority,DIXON,BUY,94,14113.17,13423.49,15492.53,2.0,13800.0,+₹376.51 / +2.73%,+₹1692.53 / +12.26%,Active After Trigger,,,,,9,Top 3 Swing scanner pick
2026-08-03,Swing,3,Highest Priority,JSWSTEEL,BUY,94,1297.39,1225.11,1441.96,2.0,1272.1,+₹46.99 / +3.69%,+₹169.86 / +13.35%,Active After Trigger,,,,,9,Top 3 Swing scanner pick
2026-08-03,Swing,1,Highest Priority,ABBOTINDIA,BUY,94,28101.09,27366.77,29569.73,2.0,28110.0,+₹743.23 / +2.64%,+₹1459.73 / +5.19%,Ambiguous Entry Candle,Entry/exit same candle,2026-08-11,Ambiguous,,9,Top 3 Swing scanner pick
2026-08-03,Swing,2,Highest Priority,BRITANNIA,BUY,94,5542.06,5303.7,6018.79,2.0,5594.0,+₹290.30 / +5.19%,+₹424.79 / +7.59%,Active After Trigger,,,,,9,Top 3 Swing scanner pick
2026-08-03,Swing,3,Highest Priority,DIXON,BUY,94,14113.17,13423.49,15492.53,2.0,13725.0,+₹301.51 / +2.20%,+₹1767.53 / +12.88%,Active After Trigger,,,,,9,Top 3 Swing scanner pick
2026-08-03,Intraday,1,Highest Priority,DIVISLAB,BUY,94,8602.17,8302.99,9200.52,2.0,8575.0,+₹272.01 / +3.17%,+₹625.52 / +7.29%,Active After Trigger,,,,,9,Top 3 Intraday scanner pick
2026-08-03,Swing,1,Highest Priority,DIXON,BUY,94,14113.17,13423.49,15492.53,2.0,13767.0,+₹343.51 / +2.50%,+₹1725.53 / +12.53%,Active After Trigger,,,,,9,Top 3 Swing scanner pick
2026-08-03,Swing,2,Highest Priority,MARICO,BUY,94,883.11,839.41,970.52,2.0,840.3,+₹0.89 / +0.11%,+₹130.22 / +15.50%,Pending Trigger,,,,,9,Top 3 Swing scanner pick
2026-08-03,Swing,3,Highest Priority,BRITANNIA,BUY,94,5573.12,5287.05,6145.27,2.0,5596.0,+₹308.95 / +5.52%,+₹549.27 / +9.82%,Active After Trigger,,,,,9,Top 3 Swing scanner pick
2026-08-03,Swing,1,Highest Priority,APOLLOHOSP,BUY,94,9054.57,8730.05,9703.61,2.0,8611.5,-₹118.55 / -1.38%,+₹1092.11 / +12.68%,Pending Trigger,,,,,9,Top 3 Swing scanner pick
2026-08-03,Swing,2,Highest Priority,BHARTIARTL,BUY,94,1980.35,1874.33,2192.4,2.0,1915.2,+₹40.87 / +2.13%,+₹277.20 / +14.47%,Active After Trigger,,,,,9,Top 3 Swing scanner pick
2026-08-03,Swing,3,Highest Priority,HAL,BUY,94,4678.34,4450.98,5133.06,2.0,4928.0,+₹477.02 / +9.68%,+₹205.06 / +4.16%,Active After Trigger,,,,,9,Top 3 Swing scanner pick
2026-08-03,Intraday,1,Highest Priority,BAJFINANCE,BUY,94,1144.38,1133.79,1165.58,2.0,1093.3,-₹40.49 / -3.70%,+₹72.28 / +6.61%,Ambiguous Entry Candle,Entry/exit same candle,2026-08-03,Ambiguous,,8,Top 3 Intraday scanner pick
2026-08-03,Intraday,2,Highest Priority,MUTHOOTFIN,BUY,94,3139.07,3104.25,3208.69,2.0,2915.9,-₹188.35 / -6.46%,+₹292.79 / +10.04%,Pending Trigger,,,,,8,Top 3 Intraday scanner pick
2026-08-03,Intraday,3,Highest Priority,PERSISTENT,BUY,94,5578.84,5502.59,5731.33,2.0,5536.0,+₹33.41 / +0.60%,+₹195.33 / +3.53%,Stop Hit First,Stop,2026-08-07,Loss,-1.0,8,Top 3 Intraday scanner pick
2026-08-02,Swing,3,Highest Priority,BRITANNIA,BUY,94,5573.12,5287.05,6145.27,2.0,5634.5,+₹347.45 / +6.17%,+₹510.77 / +9.07%,Active After Trigger,,,,,9,Top 3 Swing scanner pick
2026-08-02,Swing,1,Highest Priority,APOLLOHOSP,BUY,94,9054.57,8730.05,9703.61,2.0,8726.0,-₹4.05 / -0.05%,+₹977.61 / +11.20%,Pending Trigger,,,,,9,Top 3 Swing scanner pick
2026-08-02,Swing,2,Highest Priority,BHARTIARTL,BUY,94,1980.35,1874.33,2192.4,2.0,1918.6,+₹44.27 / +2.31%,+₹273.80 / +14.27%,Active After Trigger,,,,,9,Top 3 Swing scanner pick
2026-08-02,Swing,3,Highest Priority,HAL,BUY,94,4678.34,4450.98,5133.06,2.0,4895.8,+₹444.82 / +9.09%,+₹237.26 / +4.85%,Active After Trigger,,,,,9,Top 3 Swing scanner pick
2026-08-02,Intraday,1,Highest Priority,BAJFINANCE,BUY,94,1144.38,1133.79,1165.58,2.0,1102.2,-₹31.59 / -2.87%,+₹63.38 / +5.75%,Ambiguous Entry Candle,Entry/exit same candle,2026-08-03,Ambiguous,,9,Top 3 Intraday scanner pick
2026-08-02,Intraday,2,Highest Priority,MUTHOOTFIN,BUY,94,3139.07,3104.25,3208.69,2.0,2906.0,-₹198.25 / -6.82%,+₹302.69 / +10.42%,Pending Trigger,,,,,9,Top 3 Intraday scanner pick
2026-08-02,Intraday,3,Highest Priority,PERSISTENT,BUY,94,5578.84,5502.59,5731.33,2.0,5474.0,-₹28.59 / -0.52%,+₹257.33 / +4.70%,Stop Hit First,Stop,2026-08-07,Loss,-1.0,9,Top 3 Intraday scanner pick
2026-08-01,Swing,3,Highest Priority,HAL,BUY,94,4678.34,4450.98,5133.06,2.0,4910.0,+₹459.02 / +9.35%,+₹223.06 / +4.54%,Active After Trigger,,,,,10,Top 3 Swing scanner pick
2026-08-01,Swing,2,Highest Priority,BHARTIARTL,BUY,94,1980.35,1874.33,2192.4,2.0,1959.9,+₹85.57 / +4.37%,+₹232.50 / +11.86%,Active After Trigger,,,,,10,Top 3 Swing scanner pick
2026-08-01,Swing,3,Highest Priority,BRITANNIA,BUY,94,5573.12,5287.05,6145.27,2.0,5510.0,+₹222.95 / +4.05%,+₹635.27 / +11.53%,Active After Trigger,,,,,10,Top 3 Swing scanner pick
2026-08-01,Swing,1,Highest Priority,APOLLOHOSP,BUY,94,9027.02,8729.52,9622.01,2.0,8912.0,+₹182.48 / +2.05%,+₹710.01 / +7.97%,Active After Trigger,,,,,9,Top 3 Swing scanner pick
2026-08-01,Swing,2,Highest Priority,BAJFINANCE,BUY,94,1070.14,998.34,1213.73,2.0,1102.2,+₹103.86 / +9.42%,+₹111.53 / +10.12%,Active After Trigger,,,,,9,Top 3 Swing scanner pick
2026-08-01,Swing,3,Highest Priority,BHARTIARTL,BUY,94,1967.13,1874.37,2152.63,2.0,1943.0,+₹68.63 / +3.53%,+₹209.63 / +10.79%,Active After Trigger,,,,,9,Top 3 Swing scanner pick
2026-08-01,Intraday,1,Highest Priority,BAJFINANCE,BUY,94,1144.38,1133.79,1165.58,2.0,1100.0,-₹33.79 / -3.07%,+₹65.58 / +5.96%,Ambiguous Entry Candle,Entry/exit same candle,2026-08-03,Ambiguous,,9,Top 3 Intraday scanner pick
2026-08-01,Intraday,2,Highest Priority,MUTHOOTFIN,BUY,94,3139.07,3104.25,3208.69,2.0,2913.4,-₹190.85 / -6.55%,+₹295.29 / +10.14%,Pending Trigger,,,,,9,Top 3 Intraday scanner pick
2026-08-01,Intraday,3,Highest Priority,PERSISTENT,BUY,94,5578.84,5502.59,5731.33,2.0,5448.5,-₹54.09 / -0.99%,+₹282.83 / +5.19%,Stop Hit First,Stop,2026-08-07,Loss,-1.0,9,Top 3 Intraday scanner pick
2026-07-31,Intraday,3,Highest Priority,PERSISTENT,BUY,94,5578.84,5502.59,5731.33,2.0,5514.0,+₹11.41 / +0.21%,+₹217.33 / +3.94%,Stop Hit First,Stop,2026-08-03,Loss,-1.0,10,Top 3 Intraday scanner pick
2026-07-31,Swing,2,Highest Priority,BHARTIARTL,BUY,94,1980.35,1874.33,2192.4,2.0,1944.8,+₹70.47 / +3.62%,+₹247.60 / +12.73%,Active After Trigger,,,,,10,Top 3 Swing scanner pick
2026-07-31,Swing,3,Highest Priority,HAL,BUY,94,4678.34,4450.98,5133.06,2.0,4916.3,+₹465.32 / +9.46%,+₹216.76 / +4.41%,Active After Trigger,,,,,10,Top 3 Swing scanner pick
2026-07-31,Intraday,1,Highest Priority,BAJFINANCE,BUY,94,1144.38,1133.79,1165.58,2.0,1082.6,-₹51.19 / -4.73%,+₹82.98 / +7.66%,Target Hit First,Target,2026-08-03,Win,2.0,10,Top 3 Intraday scanner pick
2026-07-31,Intraday,2,Highest Priority,MUTHOOTFIN,BUY,94,3139.07,3104.25,3208.69,2.0,2925.5,-₹178.75 / -6.11%,+₹283.19 / +9.68%,Stop Hit First,Stop,2026-08-03,Loss,-1.0,10,Top 3 Intraday scanner pick
2026-07-31,Intraday,3,Highest Priority,TORNTPHARM,BUY,94,5145.27,5084.37,5267.07,2.0,4938.0,-₹146.37 / -2.96%,+₹329.07 / +6.66%,Stop Hit First,Stop,2026-08-03,Loss,-1.0,10,Top 3 Intraday scanner pick
2026-07-31,Swing,1,Highest Priority,ABCAPITAL,BUY,94,411.82,383.13,469.21,2.0,408.05,+₹24.92 / +6.11%,+₹61.16 / +14.99%,Active After Trigger,,,,,10,Top 3 Swing scanner pick
2026-07-31,Swing,2,Highest Priority,MARICO,BUY,94,890.78,827.95,1016.43,2.0,862.0,+₹34.05 / +3.95%,+₹154.43 / +17.92%,Pending Trigger,,,,,10,Top 3 Swing scanner pick
2026-07-31,Swing,3,Highest Priority,MOTHERSON,BUY,92,152.7,141.67,174.77,2.0,168.5,+₹26.83 / +15.92%,+₹6.27 / +3.72%,Active After Trigger,,,,,9,Top 3 Swing scanner pick
2026-07-31,Swing,1,Highest Priority,APOLLOHOSP,BUY,94,9027.02,8729.52,9622.01,2.0,8945.0,+₹215.48 / +2.41%,+₹677.01 / +7.57%,Active After Trigger,,,,,9,Top 3 Swing scanner pick
2026-07-31,Swing,3,Highest Priority,BAJFINANCE,BUY,94,1070.14,998.34,1213.73,2.0,1078.0,+₹79.66 / +7.39%,+₹135.73 / +12.59%,Active After Trigger,,,,,9,Top 3 Swing scanner pick
2026-07-31,Swing,1,Highest Priority,ABB,BUY,94,7472.92,7055.8,8307.15,2.0,7600.0,+₹544.20 / +7.16%,+₹707.15 / +9.30%,Active After Trigger,,,,,9,Top 3 Swing scanner pick
2026-07-31,Swing,2,Highest Priority,BAJAJFINSV,BUY,94,1948.89,1817.49,2211.69,2.0,2008.9,+₹191.41 / +9.53%,+₹202.79 / +10.09%,Active After Trigger,,,,,8,Top 3 Swing scanner pick
2026-07-31,Swing,3,Highest Priority,BHARTIARTL,BUY,94,1960.91,1874.32,2134.1,2.0,1959.9,+₹85.58 / +4.37%,+₹174.20 / +8.89%,Active After Trigger,,,,,8,Top 3 Swing scanner pick
2026-07-31,Intraday,1,Highest Priority,MARUTI,BUY,94,14237.42,13819.47,15073.31,2.0,14037.0,+₹217.53 / +1.55%,+₹1036.31 / +7.38%,Active After Trigger,,,,,8,Top 3 Intraday scanner pick
2026-07-30,Swing,1,Highest Priority,APOLLOHOSP,BUY,94,9027.02,8729.52,9622.01,2.0,8945.0,+₹215.48 / +2.41%,+₹677.01 / +7.57%,Active After Trigger,,,,,9,Top 3 Swing scanner pick
2026-07-30,Swing,2,Highest Priority,BAJFINANCE,BUY,94,1070.14,998.34,1213.73,2.0,1078.0,+₹79.66 / +7.39%,+₹135.73 / +12.59%,Active After Trigger,,,,,9,Top 3 Swing scanner pick
2026-07-30,Swing,3,Highest Priority,BHARTIARTL,BUY,94,1967.13,1874.37,2152.63,2.0,1959.9,+₹85.53 / +4.36%,+₹192.73 / +9.83%,Active After Trigger,,,,,9,Top 3 Swing scanner pick
2026-07-30,Intraday,1,Highest Priority,MARUTI,BUY,94,14237.42,13819.47,15073.31,2.0,14037.0,+₹217.53 / +1.55%,+₹1036.31 / +7.38%,Active After Trigger,,,,,9,Top 3 Intraday scanner pick
2026-07-30,Swing,1,Highest Priority,BRITANNIA,BUY,94,5573.12,5287.05,6145.27,2.0,5404.0,+₹116.95 / +2.16%,+₹741.27 / +13.72%,Pending Trigger,,,,,9,Top 3 Swing scanner pick
2026-07-30,Swing,2,Highest Priority,M&M,BUY,94,3333.65,3109.79,3781.39,2.0,3502.0,+₹392.21 / +11.20%,+₹279.39 / +7.98%,Active After Trigger,,,,,8,Top 3 Swing scanner pick
2026-07-30,Swing,3,Highest Priority,PIDILITIND,BUY,94,1639.27,1533.02,1851.78,2.0,1660.0,+₹126.98 / +7.65%,+₹191.78 / +11.55%,Active After Trigger,,,,,8,Top 3 Swing scanner pick
2026-07-30,Intraday,1,Highest Priority,BPCL,SELL,94,314.47,318.37,306.67,2.0,321.0,-₹2.63 / -0.82%,+₹14.33 / +4.46%,Stop Hit First,Stop,2026-07-31,Loss,-1.0,8,Top 3 Intraday scanner pick
2026-07-30,Swing,1,Highest Priority,BAJAJFINSV,BUY,94,1943.88,1817.27,2197.11,2.0,2008.9,+₹191.63 / +9.54%,+₹188.21 / +9.37%,Active After Trigger,,,,,8,Top 3 Swing scanner pick
2026-07-30,Swing,2,Highest Priority,BHARTIARTL,BUY,94,1960.91,1874.32,2134.1,2.0,1959.9,+₹85.58 / +4.37%,+₹174.20 / +8.89%,Active After Trigger,,,,,8,Top 3 Swing scanner pick
2026-07-30,Swing,3,Highest Priority,BRITANNIA,BUY,94,5521.02,5262.29,6038.48,2.0,5510.0,+₹247.71 / +4.50%,+₹528.48 / +9.59%,Active After Trigger,,,,,8,Top 3 Swing scanner pick
2026-07-30,Swing,1,Highest Priority,ASIANPAINT,BUY,94,2755.3,2614.2,3037.49,2.0,2711.2,+₹97.00 / +3.58%,+₹326.29 / +12.03%,Active After Trigger,,,,,8,Top 3 Swing scanner pick
2026-07-30,Swing,2,Highest Priority,BAJAJFINSV,BUY,94,1943.88,1817.27,2197.11,2.0,1998.7,+₹181.43 / +9.08%,+₹198.41 / +9.93%,Active After Trigger,,,,,8,Top 3 Swing scanner pick
2026-07-30,Swing,3,Highest Priority,BEL,SELL,94,387.22,415.1,331.48,2.0,400.05,+₹15.05 / +3.76%,+₹68.57 / +17.14%,Active After Trigger,,,,,8,Top 3 Swing scanner pick
2026-07-30,Intraday,1,Highest Priority,PAYTM,BUY,94,1337.27,1304.25,1403.31,2.0,1446.6,+₹142.35 / +9.84%,-₹43.29 / -2.99%,Target Hit First,Target,2026-08-03,Win,2.0,8,Top 3 Intraday scanner pick
2026-07-30,Intraday,2,Highest Priority,PIDILITIND,BUY,94,1638.27,1609.86,1695.08,2.0,1651.4,+₹41.54 / +2.52%,+₹43.68 / +2.65%,Stop Hit First,Stop,2026-08-04,Loss,-1.0,8,Top 3 Intraday scanner pick
2026-07-29,Swing,1,Highest Priority,ABB,BUY,94,7472.92,7055.8,8307.15,2.0,7623.0,+₹567.20 / +7.44%,+₹684.15 / +8.97%,Active After Trigger,,,,,9,Top 3 Swing scanner pick
2026-07-29,Swing,2,Highest Priority,AUROPHARMA,BUY,94,1601.9,1507.76,1790.16,2.0,1648.2,+₹140.44 / +8.52%,+₹141.96 / +8.61%,Active After Trigger,,,,,9,Top 3 Swing scanner pick
2026-07-29,Swing,3,Highest Priority,BAJAJFINSV,BUY,94,1948.89,1817.49,2211.69,2.0,2009.0,+₹191.51 / +9.53%,+₹202.69 / +10.09%,Active After Trigger,,,,,9,Top 3 Swing scanner pick
2026-07-29,Intraday,1,Highest Priority,PAYTM,BUY,94,1337.27,1304.25,1403.31,2.0,1443.5,+₹139.25 / +9.65%,-₹40.19 / -2.78%,Target Hit First,Target,2026-08-03,Win,2.0,9,Top 3 Intraday scanner pick
2026-07-29,Intraday,2,Highest Priority,PIDILITIND,BUY,94,1636.77,1609.87,1690.55,2.0,1659.2,+₹49.33 / +2.97%,+₹31.35 / +1.89%,Stop Hit First,Stop,2026-07-31,Loss,-1.0,9,Top 3 Intraday scanner pick
2026-07-29,Swing,1,Highest Priority,ASIANPAINT,BUY,94,2781.25,2614.01,3115.73,2.0,2755.0,+₹140.99 / +5.12%,+₹360.73 / +13.09%,Active After Trigger,,,,,9,Top 3 Swing scanner pick
2026-07-29,Swing,2,Highest Priority,BRITANNIA,BUY,94,5593.16,5282.03,6215.43,2.0,5440.0,+₹157.97 / +2.90%,+₹775.43 / +14.25%,Pending Trigger,,,,,9,Top 3 Swing scanner pick
2026-07-29,Swing,3,Highest Priority,MARICO,BUY,94,886.67,827.95,1004.12,2.0,860.0,+₹32.05 / +3.73%,+₹144.12 / +16.76%,Active After Trigger,,,,,9,Top 3 Swing scanner pick
2026-07-29,Swing,1,Highest Priority,BAJAJFINSV,BUY,94,1943.88,1817.27,2197.11,2.0,2086.0,+₹268.73 / +12.88%,+₹111.11 / +5.33%,Active After Trigger,,,,,9,Top 3 Swing scanner pick
2026-07-29,Swing,2,Highest Priority,BEL,SELL,94,387.22,415.1,331.48,2.0,399.2,+₹15.90 / +3.98%,+₹67.72 / +16.96%,Active After Trigger,,,,,9,Top 3 Swing scanner pick
2026-07-29,Swing,3,Highest Priority,BRITANNIA,BUY,94,5521.02,5262.29,6038.48,2.0,5440.0,+₹177.71 / +3.27%,+₹598.48 / +11.00%,Active After Trigger,,,,,9,Top 3 Swing scanner pick
2026-07-29,Swing,1,Highest Priority,BAJFINANCE,BUY,94,1052.1,992.11,1172.08,2.0,1144.8,+₹152.69 / +13.34%,+₹27.28 / +2.38%,Target Hit First,Target,2026-08-03,Win,2.0,8,Top 3 Swing scanner pick
2026-07-29,Swing,2,Highest Priority,BANKBARODA,SELL,94,241.42,257.74,208.77,2.0,251.0,+₹6.74 / +2.69%,+₹42.23 / +16.82%,Active After Trigger,,,,,8,Top 3 Swing scanner pick
2026-07-29,Swing,3,Highest Priority,BPCL,BUY,94,319.19,301.03,355.5,2.0,323.7,+₹22.67 / +7.00%,+₹31.80 / +9.82%,Active After Trigger,,,,,8,Top 3 Swing scanner pick
2026-07-29,Intraday,1,Highest Priority,ASHOKLEY,BUY,94,158.8,157.06,162.27,2.0,177.51,+₹20.45 / +11.52%,-₹15.24 / -8.59%,Stop Hit First,Stop,2026-07-30,Loss,-1.0,8,Top 3 Intraday scanner pick
2026-07-29,Intraday,2,Highest Priority,NESTLEIND,BUY,94,1503.0,1474.15,1560.71,2.0,1520.9,+₹46.75 / +3.07%,+₹39.81 / +2.62%,Stop Hit First,Stop,2026-08-04,Loss,-1.0,8,Top 3 Intraday scanner pick
2026-07-29,Intraday,3,Highest Priority,TECHM,BUY,94,1640.98,1623.11,1676.7,2.0,1651.4,+₹28.29 / +1.71%,+₹25.30 / +1.53%,Target Hit First,Target,2026-07-30,Win,2.0,8,Top 3 Intraday scanner pick
2026-07-28,Intraday,3,Highest Priority,TECHM,BUY,94,1640.98,1623.11,1676.7,2.0,1657.2,+₹34.09 / +2.06%,+₹19.50 / +1.18%,Target Hit First,Target,2026-07-30,Win,2.0,9,Top 3 Intraday scanner pick
2026-07-28,Swing,1,Highest Priority,ASIANPAINT,BUY,94,2755.3,2614.2,3037.49,2.0,2760.0,+₹145.80 / +5.28%,+₹277.49 / +10.05%,Active After Trigger,,,,,9,Top 3 Swing scanner pick
2026-07-28,Swing,2,Highest Priority,BAJAJFINSV,BUY,94,1943.88,1817.27,2197.11,2.0,2105.0,+₹287.73 / +13.67%,+₹92.11 / +4.38%,Active After Trigger,,,,,9,Top 3 Swing scanner pick
2026-07-28,Swing,3,Highest Priority,BEL,SELL,94,387.22,415.1,331.48,2.0,391.5,+₹23.60 / +6.03%,+₹60.02 / +15.33%,Active After Trigger,,,,,9,Top 3 Swing scanner pick
2026-07-28,Intraday,1,Highest Priority,ASHOKLEY,BUY,94,158.8,157.06,162.27,2.0,177.0,+₹19.94 / +11.27%,-₹14.73 / -8.32%,Stop Hit First,Stop,2026-07-30,Loss,-1.0,9,Top 3 Intraday scanner pick
2026-07-28,Intraday,2,Highest Priority,NESTLEIND,BUY,94,1503.0,1474.15,1560.71,2.0,1520.0,+₹45.85 / +3.02%,+₹40.71 / +2.68%,Stop Hit First,Stop,2026-08-04,Loss,-1.0,8,Top 3 Intraday scanner pick
2026-07-28,Swing,2,Highest Priority,GAIL,BUY,94,177.1,166.79,197.73,2.0,176.96,+₹10.17 / +5.75%,+₹20.77 / +11.74%,Active After Trigger,,,,,8,Top 3 Swing scanner pick
2026-07-28,Swing,3,Highest Priority,NESTLEIND,BUY,94,1494.38,1400.98,1681.19,2.0,1520.0,+₹119.02 / +7.83%,+₹161.19 / +10.60%,Active After Trigger,,,,,8,Top 3 Swing scanner pick
2026-07-28,Swing,1,Highest Priority,BEL,SELL,94,391.32,415.06,343.83,2.0,390.0,+₹25.06 / +6.43%,+₹46.17 / +11.84%,Active After Trigger,,,,,8,Top 3 Swing scanner pick
2026-07-28,Swing,2,Highest Priority,BAJFINANCE,BUY,94,1052.1,992.11,1172.08,2.0,1158.8,+₹166.69 / +14.38%,+₹13.28 / +1.15%,Target Hit First,Target,2026-08-03,Win,2.0,8,Top 3 Swing scanner pick
2026-07-28,Swing,3,Highest Priority,BANKBARODA,SELL,94,241.42,257.74,208.77,2.0,246.22,+₹11.52 / +4.68%,+₹37.45 / +15.21%,Active After Trigger,,,,,8,Top 3 Swing scanner pick
2026-07-28,Swing,1,Highest Priority,BAJAJFINSV,BUY,94,1896.69,1817.22,2055.61,2.0,2081.0,+₹263.78 / +12.68%,-₹25.39 / -1.22%,Target Hit First,Target,2026-08-03,Win,2.0,8,Top 3 Swing scanner pick
2026-07-28,Swing,2,Highest Priority,COALINDIA,SELL,94,423.9,437.22,397.26,2.0,412.95,+₹24.27 / +5.88%,+₹15.69 / +3.80%,Active After Trigger,,,,,8,Top 3 Swing scanner pick
2026-07-28,Swing,3,Highest Priority,HINDALCO,SELL,94,937.82,1000.26,812.94,2.0,1016.9,-₹16.64 / -1.64%,+₹203.96 / +20.06%,Stop Hit First,Stop,2026-08-04,Loss,-1.0,8,Top 3 Swing scanner pick
2026-07-27,Swing,1,Highest Priority,BAJFINANCE,BUY,94,1052.1,992.11,1172.08,2.0,1156.2,+₹164.09 / +14.19%,+₹15.88 / +1.37%,Target Hit First,Target,2026-08-03,Win,2.0,9,Top 3 Swing scanner pick
2026-07-27,Swing,2,Highest Priority,BANKBARODA,SELL,94,241.42,257.74,208.77,2.0,247.75,+₹9.99 / +4.03%,+₹38.98 / +15.73%,Active After Trigger,,,,,9,Top 3 Swing scanner pick
2026-07-27,Swing,3,Highest Priority,BPCL,BUY,94,319.19,301.03,355.5,2.0,325.5,+₹24.47 / +7.52%,+₹30.00 / +9.22%,Active After Trigger,,,,,9,Top 3 Swing scanner pick
2026-07-27,Swing,1,Highest Priority,BANKBARODA,SELL,94,241.42,257.74,208.77,2.0,247.25,+₹10.49 / +4.24%,+₹38.48 / +15.56%,Active After Trigger,,,,,9,Top 3 Swing scanner pick
2026-07-27,Swing,2,Highest Priority,CANBK,SELL,94,125.53,131.63,113.33,2.0,127.1,+₹4.53 / +3.56%,+₹13.77 / +10.83%,Active After Trigger,,,,,9,Top 3 Swing scanner pick
2026-07-27,Swing,3,Highest Priority,SAIL,SELL,94,161.78,169.26,146.8,2.0,165.0,+₹4.26 / +2.58%,+₹18.20 / +11.03%,Stop Hit First,Stop,2026-07-29,Loss,-1.0,9,Top 3 Swing scanner pick
2026-07-27,Swing,1,Highest Priority,BAJAJFINSV,BUY,94,1896.69,1817.22,2055.61,2.0,2096.0,+₹278.78 / +13.30%,-₹40.39 / -1.93%,Target Hit First,Target,2026-08-03,Win,2.0,9,Top 3 Swing scanner pick
2026-07-27,Swing,2,Highest Priority,COALINDIA,SELL,94,423.9,437.22,397.26,2.0,417.6,+₹19.62 / +4.70%,+₹20.34 / +4.87%,Active After Trigger,,,,,8,Top 3 Swing scanner pick
2026-07-27,Swing,3,Highest Priority,HINDALCO,SELL,94,937.82,1000.26,812.94,2.0,1020.0,-₹19.74 / -1.94%,+₹207.06 / +20.30%,Stop Hit First,Stop,2026-08-04,Loss,-1.0,8,Top 3 Swing scanner pick
2026-07-27,Intraday,1,Highest Priority,CHOLAFIN,BUY,94,1732.16,1717.72,1761.04,2.0,1875.0,+₹157.28 / +8.39%,-₹113.96 / -6.08%,Ambiguous Entry Candle,Entry/exit same candle,2026-07-27,Ambiguous,,8,Top 3 Intraday scanner pick
2026-07-27,Intraday,2,Highest Priority,MOTHERSON,BUY,94,146.19,145.05,148.47,2.0,151.0,+₹5.95 / +3.94%,-₹2.53 / -1.68%,Target Hit First,Target,2026-07-27,Win,2.0,8,Top 3 Intraday scanner pick
2026-07-27,Intraday,3,Highest Priority,SIEMENS,BUY,94,3709.8,3665.47,3798.48,2.0,4000.5,+₹335.03 / +8.37%,-₹202.02 / -5.05%,Stop Hit First,Stop,2026-07-28,Loss,-1.0,8,Top 3 Intraday scanner pick
2026-07-26,Swing,1,Highest Priority,BAJAJFINSV,BUY,94,1896.69,1817.22,2055.61,2.0,2105.0,+₹287.78 / +13.67%,-₹49.39 / -2.35%,Target Hit First,Target,2026-08-03,Win,2.0,9,Top 3 Swing scanner pick
2026-07-26,Swing,2,Highest Priority,COALINDIA,SELL,94,423.9,437.22,397.26,2.0,415.2,+₹22.02 / +5.30%,+₹17.94 / +4.32%,Active After Trigger,,,,,9,Top 3 Swing scanner pick
2026-07-26,Swing,3,Highest Priority,HINDALCO,SELL,94,937.82,1000.26,812.94,2.0,1006.05,-₹5.79 / -0.58%,+₹193.11 / +19.19%,Stop Hit First,Stop,2026-08-04,Loss,-1.0,9,Top 3 Swing scanner pick
2026-07-26,Intraday,1,Highest Priority,CHOLAFIN,BUY,94,1732.16,1717.72,1761.04,2.0,1870.5,+₹152.78 / +8.17%,-₹109.46 / -5.85%,Ambiguous Entry Candle,Entry/exit same candle,2026-07-27,Ambiguous,,9,Top 3 Intraday scanner pick
2026-07-26,Intraday,2,Highest Priority,MOTHERSON,BUY,94,146.19,145.05,148.47,2.0,153.07,+₹8.02 / +5.24%,-₹4.60 / -3.01%,Target Hit First,Target,2026-07-27,Win,2.0,9,Top 3 Intraday scanner pick
2026-07-26,Intraday,3,Highest Priority,SIEMENS,BUY,94,3709.8,3665.47,3798.48,2.0,4024.0,+₹358.53 / +8.91%,-₹225.52 / -5.60%,Stop Hit First,Stop,2026-07-28,Loss,-1.0,9,Top 3 Intraday scanner pick
2026-07-25,Swing,1,Highest Priority,BAJAJFINSV,BUY,94,1896.69,1817.22,2055.61,2.0,2029.1,+₹211.88 / +10.44%,+₹26.51 / +1.31%,Active After Trigger,,,,,10,Top 3 Swing scanner pick
2026-07-25,Swing,2,Highest Priority,COALINDIA,SELL,94,423.9,437.22,397.26,2.0,414.15,+₹23.07 / +5.57%,+₹16.89 / +4.08%,Active After Trigger,,,,,10,Top 3 Swing scanner pick
2026-07-25,Swing,3,Highest Priority,HINDALCO,SELL,94,937.82,1000.26,812.94,2.0,974.45,+₹25.81 / +2.65%,+₹161.51 / +16.57%,Active After Trigger,,,,,10,Top 3 Swing scanner pick
2026-07-25,Swing,1,Highest Priority,BHARTIARTL,BUY,94,1952.8,1880.99,2096.42,2.0,1972.0,+₹91.01 / +4.62%,+₹124.42 / +6.31%,Active After Trigger,,,,,10,Top 3 Swing scanner pick
2026-07-25,Swing,2,Highest Priority,BOSCHLTD,BUY,94,43070.97,40304.3,48604.31,2.0,41300.0,+₹995.70 / +2.41%,+₹7304.31 / +17.69%,Pending Trigger,,,,,9,Top 3 Swing scanner pick
2026-07-25,Swing,3,Highest Priority,COALINDIA,SELL,94,423.9,437.22,397.26,2.0,416.0,+₹21.22 / +5.10%,+₹18.74 / +4.50%,Active After Trigger,,,,,9,Top 3 Swing scanner pick
2026-07-25,Swing,1,Highest Priority,BEL,SELL,94,399.8,416.3,366.79,2.0,392.15,+₹24.15 / +6.16%,+₹25.36 / +6.47%,Active After Trigger,,,,,9,Top 3 Swing scanner pick
2026-07-25,Swing,2,Highest Priority,BHARTIARTL,BUY,94,1952.8,1880.99,2096.42,2.0,1970.5,+₹89.51 / +4.54%,+₹125.92 / +6.39%,Active After Trigger,,,,,9,Top 3 Swing scanner pick
2026-07-25,Swing,3,Highest Priority,BOSCHLTD,BUY,94,43070.97,40304.3,48604.31,2.0,41300.0,+₹995.70 / +2.41%,+₹7304.31 / +17.69%,Pending Trigger,,,,,9,Top 3 Swing scanner pick
2026-07-25,Intraday,1,Highest Priority,CHOLAFIN,BUY,94,1732.16,1717.72,1761.04,2.0,1888.2,+₹170.48 / +9.03%,-₹127.16 / -6.73%,Ambiguous Entry Candle,Entry/exit same candle,2026-07-27,Ambiguous,,9,Top 3 Intraday scanner pick
2026-07-25,Intraday,2,Highest Priority,MOTHERSON,BUY,94,146.19,145.05,148.47,2.0,155.01,+₹9.96 / +6.43%,-₹6.54 / -4.22%,Target Hit First,Target,2026-07-27,Win,2.0,9,Top 3 Intraday scanner pick
2026-07-25,Intraday,3,Highest Priority,SIEMENS,BUY,94,3709.8,3665.47,3798.48,2.0,3885.0,+₹219.53 / +5.65%,-₹86.52 / -2.23%,Stop Hit First,Stop,2026-07-28,Loss,-1.0,9,Top 3 Intraday scanner pick
2026-07-24,Intraday,3,Highest Priority,SIEMENS,BUY,94,3709.8,3665.47,3798.48,2.0,3885.0,+₹219.53 / +5.65%,-₹86.52 / -2.23%,Stop Hit First,Stop,2026-07-28,Loss,-1.0,10,Top 3 Intraday scanner pick
2026-07-24,Swing,1,Highest Priority,BAJAJFINSV,BUY,94,1896.69,1817.22,2055.61,2.0,2085.6,+₹268.38 / +12.87%,-₹29.99 / -1.44%,Target Hit First,Target,2026-08-03,Win,2.0,10,Top 3 Swing scanner pick
2026-07-24,Swing,2,Highest Priority,COALINDIA,SELL,94,423.9,437.22,397.26,2.0,413.7,+₹23.52 / +5.69%,+₹16.44 / +3.97%,Active After Trigger,,,,,10,Top 3 Swing scanner pick
2026-07-24,Swing,3,Highest Priority,HINDALCO,SELL,94,937.82,1000.26,812.94,2.0,974.45,+₹25.81 / +2.65%,+₹161.51 / +16.57%,Active After Trigger,,,,,10,Top 3 Swing scanner pick
2026-07-24,Intraday,1,Highest Priority,CHOLAFIN,BUY,94,1732.16,1717.73,1761.01,2.0,1847.0,+₹129.27 / +7.00%,-₹85.99 / -4.66%,Target Hit First,Target,2026-07-27,Win,2.0,10,Top 3 Intraday scanner pick
2026-07-24,Intraday,2,Highest Priority,MOTHERSON,BUY,94,146.0,145.05,147.9,2.0,150.96,+₹5.91 / +3.91%,-₹3.06 / -2.03%,Target Hit First,Target,2026-07-27,Win,2.0,10,Top 3 Intraday scanner pick
2026-07-24,Intraday,3,Highest Priority,OFSS,SELL,94,10579.8,10733.99,10271.42,2.0,11186.0,-₹452.01 / -4.04%,+₹914.58 / +8.18%,Stop Hit First,Stop,2026-07-24,Loss,-1.0,9,Top 3 Intraday scanner pick
2026-07-24,Swing,1,Highest Priority,COALINDIA,SELL,94,423.9,434.1,403.5,2.0,414.15,+₹19.95 / +4.82%,+₹10.65 / +2.57%,Active After Trigger,,,,,9,Top 3 Swing scanner pick
2026-07-24,Swing,2,Highest Priority,SBIN,SELL,94,998.8,1069.07,858.26,2.0,1027.4,+₹41.67 / +4.06%,+₹169.14 / +16.46%,Pending Trigger,,,,,9,Top 3 Swing scanner pick
2026-07-24,Intraday,1,Highest Priority,ADANIPORTS,SELL,94,1768.95,1785.64,1735.58,2.0,1691.0,+₹94.64 / +5.60%,-₹44.58 / -2.64%,Stop Hit First,Stop,2026-07-29,Loss,-1.0,9,Top 3 Intraday scanner pick
2026-07-24,Swing,1,Highest Priority,BEL,SELL,94,399.8,416.3,366.79,2.0,387.85,+₹28.45 / +7.34%,+₹21.06 / +5.43%,Active After Trigger,,,,,9,Top 3 Swing scanner pick
2026-07-24,Swing,2,Highest Priority,BHARTIARTL,BUY,94,1959.91,1880.86,2118.02,2.0,1972.0,+₹91.14 / +4.62%,+₹146.02 / +7.40%,Active After Trigger,,,,,9,Top 3 Swing scanner pick
2026-07-24,Swing,3,Highest Priority,HAL,BUY,94,4609.2,4381.53,5064.53,2.0,4646.5,+₹264.97 / +5.70%,+₹418.03 / +9.00%,Active After Trigger,,,,,9,Top 3 Swing scanner pick
2026-07-24,Swing,1,Highest Priority,BHARTIARTL,BUY,94,1959.91,1880.86,2118.02,2.0,1972.0,+₹91.14 / +4.62%,+₹146.02 / +7.40%,Active After Trigger,,,,,8,Top 3 Swing scanner pick
2026-07-24,Swing,2,Highest Priority,HAL,BUY,94,4636.25,4320.31,5268.14,2.0,4646.5,+₹326.19 / +7.02%,+₹621.64 / +13.38%,Active After Trigger,,,,,8,Top 3 Swing scanner pick
2026-07-24,Swing,3,Highest Priority,IRCTC,SELL,94,492.16,511.41,453.68,2.0,489.8,+₹21.61 / +4.41%,+₹36.12 / +7.37%,Active After Trigger,,,,,8,Top 3 Swing scanner pick
2026-07-24,Intraday,1,Highest Priority,INDIGO,SELL,94,5004.97,5082.76,4849.4,2.0,5175.0,-₹92.24 / -1.78%,+₹325.60 / +6.29%,Stop Hit First,Stop,2026-07-27,Loss,-1.0,8,Top 3 Intraday scanner pick
2026-07-24,Intraday,2,Highest Priority,JSWSTEEL,SELL,94,1241.71,1250.87,1223.39,2.0,1270.0,-₹19.13 / -1.51%,+₹46.61 / +3.67%,Stop Hit First,Stop,2026-07-28,Loss,-1.0,8,Top 3 Intraday scanner pick
2026-07-24,Intraday,3,Highest Priority,PERSISTENT,SELL,94,4984.11,5052.36,4847.61,2.0,5549.0,-₹496.64 / -8.95%,+₹701.39 / +12.64%,Pending Trigger,,,,,8,Top 3 Intraday scanner pick
2026-07-23,Swing,1,Highest Priority,BEL,SELL,94,399.8,416.3,366.79,2.0,387.85,+₹28.45 / +7.34%,+₹21.06 / +5.43%,Active After Trigger,,,,,9,Top 3 Swing scanner pick
2026-07-23,Swing,3,Highest Priority,BOSCHLTD,BUY,94,43070.97,40304.3,48604.31,2.0,41550.0,+₹1245.70 / +3.00%,+₹7054.31 / +16.98%,Pending Trigger,,,,,9,Top 3 Swing scanner pick
2026-07-23,Intraday,1,Highest Priority,INDIGO,SELL,94,5004.97,5082.76,4849.4,2.0,5175.0,-₹92.24 / -1.78%,+₹325.60 / +6.29%,Stop Hit First,Stop,2026-07-27,Loss,-1.0,9,Top 3 Intraday scanner pick
2026-07-23,Intraday,2,Highest Priority,JSWSTEEL,SELL,94,1241.71,1250.87,1223.39,2.0,1270.0,-₹19.13 / -1.51%,+₹46.61 / +3.67%,Stop Hit First,Stop,2026-07-28,Loss,-1.0,8,Top 3 Intraday scanner pick
2026-07-23,Intraday,3,Highest Priority,PERSISTENT,SELL,94,4984.11,5052.36,4847.61,2.0,5549.0,-₹496.64 / -8.95%,+₹701.39 / +12.64%,Pending Trigger,,,,,8,Top 3 Intraday scanner pick
2026-07-23,Swing,1,Highest Priority,BOSCHLTD,BUY,94,43070.97,40304.3,48604.31,2.0,41085.0,+₹780.70 / +1.90%,+₹7519.31 / +18.30%,Pending Trigger,,,,,8,Top 3 Swing scanner pick
2026-07-23,Swing,2,Highest Priority,ITC,SELL,94,279.09,285.15,266.96,2.0,281.0,+₹4.15 / +1.48%,+₹14.04 / +5.00%,Pending Trigger,,,,,8,Top 3 Swing scanner pick
2026-07-23,Swing,3,Highest Priority,M&M,BUY,94,3256.5,3071.35,3626.79,2.0,3398.5,+₹327.15 / +9.63%,+₹228.29 / +6.72%,Active After Trigger,,,,,8,Top 3 Swing scanner pick
2026-07-23,Swing,1,Highest Priority,BPCL,BUY,94,317.63,301.05,350.81,2.0,319.75,+₹18.70 / +5.85%,+₹31.06 / +9.71%,Active After Trigger,,,,,8,Top 3 Swing scanner pick
2026-07-23,Swing,1,Highest Priority,BAJAJFINSV,BUY,94,1908.61,1816.63,2092.57,2.0,2029.1,+₹212.47 / +10.47%,+₹63.47 / +3.13%,Active After Trigger,,,,,8,Top 3 Swing scanner pick
2026-07-23,Swing,2,Highest Priority,BHARTIARTL,BUY,94,1959.91,1880.86,2118.02,2.0,1975.4,+₹94.54 / +4.79%,+₹142.62 / +7.22%,Active After Trigger,,,,,8,Top 3 Swing scanner pick
2026-07-23,Swing,3,Highest Priority,HAL,BUY,94,4603.19,4295.37,5218.83,2.0,4645.0,+₹349.63 / +7.53%,+₹573.83 / +12.35%,Active After Trigger,,,,,8,Top 3 Swing scanner pick
2026-07-23,Swing,1,Highest Priority,ABCAPITAL,BUY,94,410.72,382.72,466.72,2.0,409.95,+₹27.23 / +6.64%,+₹56.77 / +13.85%,Active After Trigger,,,,,8,Top 3 Swing scanner pick
2026-07-23,Swing,2,Highest Priority,BAJAJFINSV,BUY,94,1908.61,1816.63,2092.57,2.0,2013.1,+₹196.47 / +9.76%,+₹79.47 / +3.95%,Active After Trigger,,,,,8,Top 3 Swing scanner pick
2026-07-23,Swing,3,Highest Priority,BPCL,BUY,94,322.54,298.47,370.7,2.0,319.25,+₹20.78 / +6.51%,+₹51.45 / +16.12%,Pending Trigger,,,,,8,Top 3 Swing scanner pick
2026-07-23,Intraday,1,Highest Priority,DIXON,SELL,94,13818.31,14113.06,13228.8,2.0,14381.0,-₹267.94 / -1.86%,+₹1152.20 / +8.01%,Stop Hit First,Stop,2026-07-29,Loss,-1.0,8,Top 3 Intraday scanner pick
2026-07-23,Intraday,2,Highest Priority,DRREDDY,SELL,94,1175.24,1190.64,1144.45,2.0,1147.9,+₹42.74 / +3.72%,+₹3.45 / +0.30%,Ambiguous Entry Candle,Entry/exit same candle,2026-07-23,Ambiguous,,8,Top 3 Intraday scanner pick
2026-07-23,Intraday,3,Highest Priority,SAIL,SELL,94,160.74,162.99,156.24,2.0,169.83,-₹6.84 / -4.03%,+₹13.59 / +8.00%,Stop Hit First,Stop,2026-07-27,Loss,-1.0,8,Top 3 Intraday scanner pick
2026-07-22,Swing,2,Highest Priority,HAL,BUY,94,4636.25,4320.31,5268.14,2.0,4592.0,+₹271.69 / +5.92%,+₹676.14 / +14.72%,Active After Trigger,,,,,9,Top 3 Swing scanner pick
2026-07-22,Swing,3,Highest Priority,NESTLEIND,BUY,94,1513.02,1401.63,1735.79,2.0,1503.3,+₹101.67 / +6.76%,+₹232.49 / +15.47%,Active After Trigger,,,,,9,Top 3 Swing scanner pick
2026-07-22,Intraday,3,Highest Priority,SAIL,SELL,94,160.74,162.99,156.24,2.0,169.08,-₹6.09 / -3.60%,+₹12.84 / +7.59%,Stop Hit First,Stop,2026-07-27,Loss,-1.0,8,Top 3 Intraday scanner pick
2026-07-22,Swing,1,Highest Priority,BHARTIARTL,BUY,94,1959.91,1880.86,2118.02,2.0,1956.8,+₹75.94 / +3.88%,+₹161.22 / +8.24%,Active After Trigger,,,,,8,Top 3 Swing scanner pick
2026-07-22,Swing,2,Highest Priority,NESTLEIND,BUY,94,1513.02,1401.63,1735.79,2.0,1520.7,+₹119.07 / +7.83%,+₹215.09 / +14.14%,Active After Trigger,,,,,8,Top 3 Swing scanner pick
2026-07-22,Swing,3,Highest Priority,PIDILITIND,BUY,94,1618.23,1543.49,1767.71,2.0,1629.9,+₹86.41 / +5.30%,+₹137.81 / +8.46%,Active After Trigger,,,,,8,Top 3 Swing scanner pick
2026-07-22,Intraday,1,Highest Priority,DIXON,SELL,94,13841.26,14112.9,13297.99,2.0,14383.0,-₹270.10 / -1.88%,+₹1085.01 / +7.54%,Stop Hit First,Stop,2026-07-29,Loss,-1.0,8,Top 3 Intraday scanner pick
2026-07-22,Intraday,2,Highest Priority,DRREDDY,SELL,94,1175.24,1190.64,1144.45,2.0,1145.0,+₹45.64 / +3.99%,+₹0.55 / +0.05%,Target Hit First,Target,2026-07-23,Win,2.0,8,Top 3 Intraday scanner pick
2026-07-22,Intraday,3,Highest Priority,INDUSINDBK,BUY,94,1079.05,1061.72,1113.71,2.0,1008.25,-₹53.47 / -5.30%,+₹105.46 / +10.46%,Pending Trigger,,,,,8,Top 3 Intraday scanner pick
2026-07-22,Swing,1,Highest Priority,HAL,BUY,94,4636.25,4320.31,5268.14,2.0,4570.0,+₹249.69 / +5.46%,+₹698.14 / +15.28%,Active After Trigger,,,,,8,Top 3 Swing scanner pick
2026-07-22,Swing,1,Highest Priority,ABCAPITAL,BUY,94,410.72,382.72,466.72,2.0,393.75,+₹11.03 / +2.80%,+₹72.97 / +18.53%,Active After Trigger,,,,,8,Top 3 Swing scanner pick
2026-07-22,Swing,3,Highest Priority,HAL,BUY,94,4603.19,4295.37,5218.83,2.0,4552.8,+₹257.43 / +5.65%,+₹666.03 / +14.63%,Active After Trigger,,,,,8,Top 3 Swing scanner pick
2026-07-22,Swing,1,Highest Priority,APOLLOHOSP,BUY,94,9018.0,8682.12,9689.77,2.0,8932.0,+₹249.88 / +2.80%,+₹757.77 / +8.48%,Pending Trigger,,,,,8,Top 3 Swing scanner pick
2026-07-22,Swing,2,Highest Priority,BAJAJFINSV,BUY,94,1875.34,1809.06,2007.91,2.0,1927.9,+₹118.84 / +6.16%,+₹80.01 / +4.15%,Active After Trigger,,,,,8,Top 3 Swing scanner pick
2026-07-22,Swing,3,Highest Priority,BHARTIARTL,BUY,94,1946.38,1870.57,2098.01,2.0,1901.8,+₹31.23 / +1.64%,+₹196.21 / +10.32%,Active After Trigger,,,,,8,Top 3 Swing scanner pick
2026-07-22,Intraday,1,Highest Priority,BAJAJ-AUTO,SELL,94,10372.71,10561.8,9994.54,2.0,11329.5,-₹767.70 / -6.78%,+₹1334.96 / +11.78%,Pending Trigger,,,,,8,Top 3 Intraday scanner pick
2026-07-21,Swing,3,Highest Priority,BPCL,BUY,94,322.54,298.47,370.7,2.0,320.05,+₹21.58 / +6.74%,+₹50.65 / +15.83%,Pending Trigger,,,,,9,Top 3 Swing scanner pick
2026-07-21,Intraday,1,Highest Priority,BAJAJ-AUTO,SELL,94,10372.71,10561.8,9994.54,2.0,11329.5,-₹767.70 / -6.78%,+₹1334.96 / +11.78%,Stop Hit First,Stop,2026-07-22,Loss,-1.0,8,Top 3 Intraday scanner pick
2026-07-21,Swing,1,Highest Priority,BAJAJFINSV,BUY,94,1905.8,1816.65,2084.1,2.0,1924.4,+₹107.75 / +5.60%,+₹159.70 / +8.30%,Active After Trigger,,,,,8,Top 3 Swing scanner pick
2026-07-21,Swing,2,Highest Priority,LUPIN,BUY,94,2528.75,2417.83,2750.58,2.0,2447.0,+₹29.17 / +1.19%,+₹303.58 / +12.41%,Pending Trigger,,,,,8,Top 3 Swing scanner pick
2026-07-21,Swing,3,Highest Priority,TVSMOTOR,BUY,94,3816.12,3537.81,4372.73,2.0,4075.6,+₹537.79 / +13.20%,+₹297.13 / +7.29%,Active After Trigger,,,,,8,Top 3 Swing scanner pick
2026-07-21,Swing,1,Highest Priority,ULTRACEMCO,BUY,94,12150.25,11261.87,13927.02,2.0,11998.0,+₹736.13 / +6.14%,+₹1929.02 / +16.08%,Active After Trigger,,,,,8,Top 3 Swing scanner pick
2026-07-21,Swing,2,Highest Priority,BAJAJFINSV,BUY,94,1875.34,1809.06,2007.91,2.0,1912.1,+₹103.04 / +5.39%,+₹95.81 / +5.01%,Active After Trigger,,,,,8,Top 3 Swing scanner pick
2026-07-21,Swing,3,Highest Priority,BAJFINANCE,BUY,94,1060.62,991.0,1199.84,2.0,1052.3,+₹61.30 / +5.83%,+₹147.54 / +14.02%,Active After Trigger,,,,,8,Top 3 Swing scanner pick
2026-07-21,Swing,1,Highest Priority,ABCAPITAL,BUY,94,403.66,382.72,445.53,2.0,394.1,+₹11.38 / +2.89%,+₹51.43 / +13.05%,Active After Trigger,,,,,8,Top 3 Swing scanner pick
2026-07-21,Swing,2,Highest Priority,BAJFINANCE,BUY,94,1060.62,991.0,1199.84,2.0,1052.3,+₹61.30 / +5.83%,+₹147.54 / +14.02%,Active After Trigger,,,,,8,Top 3 Swing scanner pick
2026-07-21,Swing,3,Highest Priority,DLF,BUY,94,678.35,627.93,779.21,2.0,668.05,+₹40.12 / +6.01%,+₹111.16 / +16.64%,Pending Trigger,,,,,8,Top 3 Swing scanner pick
2026-07-21,Intraday,1,Highest Priority,AUBANK,SELL,94,990.42,999.08,973.09,2.0,1048.4,-₹49.32 / -4.70%,+₹75.31 / +7.18%,Target Hit First,Target,2026-07-23,Win,2.0,8,Top 3 Intraday scanner pick
2026-07-21,Intraday,2,Highest Priority,AUROPHARMA,BUY,94,1565.52,1554.39,1587.8,2.0,1571.0,+₹16.61 / +1.06%,+₹16.80 / +1.07%,Ambiguous Entry Candle,Entry/exit same candle,2026-07-21,Ambiguous,,8,Top 3 Intraday scanner pick
2026-07-21,Intraday,3,Highest Priority,FEDERALBNK,BUY,94,352.2,348.33,359.96,2.0,358.1,+₹9.77 / +2.73%,+₹1.86 / +0.52%,Active After Trigger,,,,,8,Top 3 Intraday scanner pick
2026-07-20,Swing,1,Highest Priority,APOLLOHOSP,BUY,94,9018.0,8682.12,9689.77,2.0,8843.5,+₹161.38 / +1.82%,+₹846.27 / +9.57%,Pending Trigger,,,,,9,Top 3 Swing scanner pick
2026-07-20,Swing,2,Highest Priority,BAJAJFINSV,BUY,94,1875.34,1809.06,2007.91,2.0,1913.0,+₹103.94 / +5.43%,+₹94.91 / +4.96%,Active After Trigger,,,,,9,Top 3 Swing scanner pick
2026-07-20,Swing,3,Highest Priority,BHARTIARTL,BUY,94,1946.38,1870.57,2098.01,2.0,1905.3,+₹34.73 / +1.82%,+₹192.71 / +10.11%,Active After Trigger,,,,,9,Top 3 Swing scanner pick
2026-07-20,Intraday,1,Highest Priority,AUBANK,SELL,94,990.42,999.08,973.09,2.0,1047.7,-₹48.62 / -4.64%,+₹74.61 / +7.12%,Stop Hit First,Stop,2026-07-21,Loss,-1.0,8,Top 3 Intraday scanner pick
2026-07-20,Intraday,2,Highest Priority,AUROPHARMA,BUY,94,1565.52,1554.39,1587.8,2.0,1557.0,+₹2.61 / +0.17%,+₹30.80 / +1.98%,Stop Hit First,Stop,2026-07-21,Loss,-1.0,8,Top 3 Intraday scanner pick
2026-07-20,Intraday,3,Highest Priority,FEDERALBNK,BUY,94,352.2,348.33,359.96,2.0,357.2,+₹8.87 / +2.48%,+₹2.76 / +0.77%,Active After Trigger,,,,,8,Top 3 Intraday scanner pick
2026-07-20,Swing,1,Highest Priority,IDFCFIRSTB,BUY,94,82.34,77.26,92.5,2.0,85.75,+₹8.49 / +9.90%,+₹6.75 / +7.87%,Active After Trigger,,,,,8,Top 3 Swing scanner pick
2026-07-20,Swing,1,Highest Priority,ABCAPITAL,BUY,94,403.66,382.72,445.53,2.0,391.35,+₹8.63 / +2.21%,+₹54.18 / +13.84%,Active After Trigger,,,,,8,Top 3 Swing scanner pick
2026-07-20,Swing,2,Highest Priority,BAJFINANCE,BUY,94,1060.62,991.0,1199.84,2.0,1048.4,+₹57.40 / +5.48%,+₹151.44 / +14.44%,Active After Trigger,,,,,8,Top 3 Swing scanner pick
2026-07-20,Swing,3,Highest Priority,DLF,BUY,94,678.35,627.93,779.21,2.0,663.05,+₹35.12 / +5.30%,+₹116.16 / +17.52%,Pending Trigger,,,,,8,Top 3 Swing scanner pick
2026-07-20,Intraday,1,Highest Priority,ICICIBANK,BUY,94,1458.01,1429.43,1515.17,2.0,1428.1,-₹1.33 / -0.09%,+₹87.07 / +6.10%,Stop Hit First,Stop,2026-07-23,Loss,-1.0,8,Top 3 Intraday scanner pick
2026-07-19,Swing,1,Highest Priority,ABCAPITAL,BUY,94,403.66,382.72,445.53,2.0,391.9,+₹9.18 / +2.34%,+₹53.63 / +13.68%,Active After Trigger,,,,,9,Top 3 Swing scanner pick
2026-07-19,Swing,2,Highest Priority,BAJFINANCE,BUY,94,1060.62,991.0,1199.84,2.0,1049.3,+₹58.30 / +5.56%,+₹150.54 / +14.35%,Active After Trigger,,,,,9,Top 3 Swing scanner pick
2026-07-19,Swing,3,Highest Priority,DLF,BUY,94,678.35,627.93,779.21,2.0,663.6,+₹35.67 / +5.38%,+₹115.61 / +17.42%,Pending Trigger,,,,,9,Top 3 Swing scanner pick
2026-07-19,Intraday,1,Highest Priority,ICICIBANK,BUY,94,1458.01,1429.43,1515.17,2.0,1428.1,-₹1.33 / -0.09%,+₹87.07 / +6.10%,Stop Hit First,Stop,2026-07-23,Loss,-1.0,9,Top 3 Intraday scanner pick
2026-07-18,Swing,1,Highest Priority,ABCAPITAL,BUY,94,403.66,382.72,445.53,2.0,392.6,+₹9.88 / +2.52%,+₹52.93 / +13.48%,Active After Trigger,,,,,10,Top 3 Swing scanner pick
2026-07-18,Swing,2,Highest Priority,BAJFINANCE,BUY,94,1060.62,991.0,1199.84,2.0,1048.6,+₹57.60 / +5.49%,+₹151.24 / +14.42%,Active After Trigger,,,,,10,Top 3 Swing scanner pick
2026-07-18,Swing,3,Highest Priority,DLF,BUY,94,678.35,627.93,779.21,2.0,645.2,+₹17.27 / +2.68%,+₹134.01 / +20.77%,Pending Trigger,,,,,10,Top 3 Swing scanner pick
2026-07-18,Swing,2,Highest Priority,ICICIBANK,BUY,94,1458.01,1372.8,1628.44,2.0,1432.9,+₹60.10 / +4.19%,+₹195.54 / +13.65%,Active After Trigger,,,,,10,Top 3 Swing scanner pick
2026-07-18,Swing,3,Highest Priority,LUPIN,BUY,94,2494.58,2421.2,2641.34,2.0,2370.5,-₹50.70 / -2.14%,+₹270.84 / +11.43%,Stop Hit First,Stop,2026-07-22,Loss,-1.0,10,Top 3 Swing scanner pick
2026-07-18,Swing,1,Highest Priority,DLF,BUY,94,678.35,627.93,779.21,2.0,650.9,+₹22.97 / +3.53%,+₹128.31 / +19.71%,Pending Trigger,,,,,9,Top 3 Swing scanner pick
2026-07-18,Swing,2,Highest Priority,HAL,BUY,94,4518.42,4295.42,4964.41,2.0,4619.0,+₹323.58 / +7.01%,+₹345.41 / +7.48%,Active After Trigger,,,,,9,Top 3 Swing scanner pick
2026-07-18,Swing,3,Highest Priority,ICICIBANK,BUY,94,1458.01,1372.8,1628.44,2.0,1445.7,+₹72.90 / +5.04%,+₹182.74 / +12.64%,Active After Trigger,,,,,9,Top 3 Swing scanner pick
2026-07-18,Swing,1,Highest Priority,BAJAJ-AUTO,BUY,94,10415.79,9743.84,11759.69,2.0,11200.0,+₹1456.16 / +13.00%,+₹559.69 / +5.00%,Active After Trigger,,,,,9,Top 3 Swing scanner pick
2026-07-18,Swing,2,Highest Priority,BAJAJFINSV,BUY,94,1860.31,1794.63,1991.68,2.0,1908.6,+₹113.97 / +5.97%,+₹83.08 / +4.35%,Active After Trigger,,,,,9,Top 3 Swing scanner pick
2026-07-18,Swing,3,Highest Priority,FEDERALBNK,BUY,94,330.61,321.3,349.22,2.0,355.5,+₹34.20 / +9.62%,-₹6.28 / -1.77%,Ambiguous Entry Candle,Entry/exit same candle,2026-07-20,Ambiguous,,9,Top 3 Swing scanner pick
2026-07-18,Intraday,1,Highest Priority,ICICIBANK,BUY,94,1458.01,1429.43,1515.17,2.0,1434.4,+₹4.97 / +0.35%,+₹80.77 / +5.63%,Stop Hit First,Stop,2026-07-23,Loss,-1.0,9,Top 3 Intraday scanner pick
2026-07-17,Intraday,1,Highest Priority,ICICIBANK,BUY,94,1458.01,1429.43,1515.17,2.0,1434.4,+₹4.97 / +0.35%,+₹80.77 / +5.63%,Stop Hit First,Stop,2026-07-23,Loss,-1.0,10,Top 3 Intraday scanner pick
2026-07-17,Swing,1,Highest Priority,ABCAPITAL,BUY,94,403.66,382.72,445.53,2.0,397.4,+₹14.68 / +3.69%,+₹48.13 / +12.11%,Active After Trigger,,,,,10,Top 3 Swing scanner pick
2026-07-17,Swing,2,Highest Priority,BAJFINANCE,BUY,94,1060.12,991.01,1198.33,2.0,1012.8,+₹21.79 / +2.15%,+₹185.53 / +18.32%,Active After Trigger,,,,,9,Top 3 Swing scanner pick
2026-07-17,Swing,3,Highest Priority,DLF,BUY,94,678.35,627.93,779.21,2.0,645.2,+₹17.27 / +2.68%,+₹134.01 / +20.77%,Pending Trigger,,,,,9,Top 3 Swing scanner pick
2026-07-17,Intraday,1,Highest Priority,RECLTD,BUY,94,356.61,351.04,367.76,2.0,361.0,+₹9.96 / +2.76%,+₹6.76 / +1.87%,Active After Trigger,,,,,9,Top 3 Intraday scanner pick
2026-07-17,Swing,1,Highest Priority,DLF,BUY,94,678.35,627.93,779.21,2.0,645.2,+₹17.27 / +2.68%,+₹134.01 / +20.77%,Pending Trigger,,,,,9,Top 3 Swing scanner pick
2026-07-17,Swing,2,Highest Priority,FEDERALBNK,BUY,94,336.27,322.21,364.39,2.0,354.3,+₹32.09 / +9.06%,+₹10.09 / +2.85%,Active After Trigger,,,,,9,Top 3 Swing scanner pick
2026-07-17,Swing,3,Highest Priority,BAJFINANCE,BUY,92,1058.61,991.02,1193.8,2.0,1012.8,+₹21.78 / +2.15%,+₹181.00 / +17.87%,Active After Trigger,,,,,9,Top 3 Swing scanner pick
2026-07-17,Swing,2,Highest Priority,ICICIBANK,BUY,94,1426.55,1372.95,1533.74,2.0,1432.9,+₹59.95 / +4.18%,+₹100.84 / +7.04%,Active After Trigger,,,,,8,Top 3 Swing scanner pick
2026-07-17,Swing,3,Highest Priority,SUNPHARMA,BUY,94,1966.63,1864.23,2171.42,2.0,1941.1,+₹76.87 / +3.96%,+₹230.32 / +11.87%,Pending Trigger,,,,,8,Top 3 Swing scanner pick
2026-07-17,Swing,1,Highest Priority,BAJAJ-AUTO,BUY,94,10389.74,9688.3,11792.61,2.0,11130.0,+₹1441.70 / +12.95%,+₹662.61 / +5.95%,Active After Trigger,,,,,8,Top 3 Swing scanner pick
2026-07-17,Swing,2,Highest Priority,BHARTIARTL,BUY,94,1957.61,1845.58,2181.67,2.0,1898.2,+₹52.62 / +2.77%,+₹283.47 / +14.93%,Pending Trigger,,,,,8,Top 3 Swing scanner pick
2026-07-17,Swing,3,Highest Priority,HDFCAMC,BUY,94,2772.83,2632.47,3053.57,2.0,2505.7,-₹126.77 / -5.06%,+₹547.87 / +21.86%,Pending Trigger,,,,,8,Top 3 Swing scanner pick
2026-07-16,Swing,2,Highest Priority,BAJAJFINSV,BUY,94,1860.31,1794.63,1991.68,2.0,1876.7,+₹82.07 / +4.37%,+₹114.98 / +6.13%,Active After Trigger,,,,,9,Top 3 Swing scanner pick
2026-07-16,Swing,3,Highest Priority,FEDERALBNK,BUY,94,330.61,321.3,349.22,2.0,354.3,+₹33.00 / +9.31%,-₹5.08 / -1.43%,Ambiguous Entry Candle,Entry/exit same candle,2026-07-17,Ambiguous,,9,Top 3 Swing scanner pick
2026-07-16,Swing,1,Highest Priority,DLF,BUY,94,662.77,628.04,732.25,2.0,642.2,+₹14.16 / +2.20%,+₹90.05 / +14.02%,Active After Trigger,,,,,9,Top 3 Swing scanner pick
2026-07-16,Swing,2,Highest Priority,FEDERALBNK,BUY,94,330.61,321.49,348.86,2.0,354.3,+₹32.81 / +9.26%,-₹5.44 / -1.54%,Ambiguous Entry Candle,Entry/exit same candle,2026-07-17,Ambiguous,,9,Top 3 Swing scanner pick
2026-07-16,Swing,1,Highest Priority,BAJAJ-AUTO,BUY,94,10389.74,9688.3,11792.61,2.0,11283.5,+₹1595.20 / +14.14%,+₹509.11 / +4.51%,Active After Trigger,,,,,9,Top 3 Swing scanner pick
2026-07-16,Swing,2,Highest Priority,BHARTIARTL,BUY,94,1944.98,1841.05,2152.85,2.0,1931.0,+₹89.95 / +4.66%,+₹221.85 / +11.49%,Active After Trigger,,,,,9,Top 3 Swing scanner pick
2026-07-16,Swing,3,Highest Priority,HDFCAMC,BUY,94,2772.83,2632.47,3053.57,2.0,2508.7,-₹123.77 / -4.93%,+₹544.87 / +21.72%,Pending Trigger,,,,,9,Top 3 Swing scanner pick
2026-07-16,Swing,1,Highest Priority,ABCAPITAL,BUY,94,405.41,382.63,450.98,2.0,393.85,+₹11.22 / +2.85%,+₹57.13 / +14.51%,Active After Trigger,,,,,8,Top 3 Swing scanner pick
2026-07-16,Swing,2,Highest Priority,ADANIENT,BUY,94,3226.14,3001.35,3675.72,2.0,3026.4,+₹25.05 / +0.83%,+₹649.32 / +21.46%,Pending Trigger,,,,,8,Top 3 Swing scanner pick
2026-07-16,Swing,3,Highest Priority,BHARTIARTL,BUY,94,1944.98,1841.05,2152.85,2.0,1898.2,+₹57.15 / +3.01%,+₹254.65 / +13.42%,Active After Trigger,,,,,8,Top 3 Swing scanner pick
2026-07-15,Swing,1,Highest Priority,BAJAJ-AUTO,BUY,94,10389.74,9688.3,11792.61,2.0,11130.0,+₹1441.70 / +12.95%,+₹662.61 / +5.95%,Active After Trigger,,,,,9,Top 3 Swing scanner pick
2026-07-15,Swing,2,Highest Priority,BHARTIARTL,BUY,94,1957.61,1845.58,2181.67,2.0,1898.2,+₹52.62 / +2.77%,+₹283.47 / +14.93%,Pending Trigger,,,,,9,Top 3 Swing scanner pick
2026-07-15,Swing,3,Highest Priority,COALINDIA,SELL,94,425.75,446.41,384.42,2.0,427.4,+₹19.01 / +4.45%,+₹42.98 / +10.06%,Active After Trigger,,,,,9,Top 3 Swing scanner pick
2026-07-15,Swing,1,Highest Priority,COALINDIA,SELL,94,425.75,446.41,384.42,2.0,427.15,+₹19.26 / +4.51%,+₹42.73 / +10.00%,Active After Trigger,,,,,9,Top 3 Swing scanner pick
2026-07-15,Swing,3,Highest Priority,HINDALCO,SELL,94,951.09,1000.73,851.82,2.0,945.5,+₹55.23 / +5.84%,+₹93.68 / +9.91%,Active After Trigger,,,,,9,Top 3 Swing scanner pick
2026-07-15,Swing,1,Highest Priority,APOLLOHOSP,BUY,94,9027.02,8593.71,9893.64,2.0,8810.0,+₹216.29 / +2.46%,+₹1083.64 / +12.30%,Pending Trigger,,,,,9,Top 3 Swing scanner pick
2026-07-15,Swing,2,Highest Priority,HDFCLIFE,SELL,94,556.88,581.66,507.33,2.0,555.65,+₹26.01 / +4.68%,+₹48.32 / +8.70%,Active After Trigger,,,,,9,Top 3 Swing scanner pick
2026-07-15,Swing,3,Highest Priority,IOC,SELL,94,136.89,144.49,121.68,2.0,137.96,+₹6.53 / +4.73%,+₹16.28 / +11.80%,Active After Trigger,,,,,9,Top 3 Swing scanner pick
2026-07-15,Intraday,1,Highest Priority,PAYTM,SELL,94,1356.08,1369.68,1328.88,2.0,1280.7,+₹88.98 / +6.95%,-₹48.18 / -3.76%,Stop Hit First,Stop,2026-07-15,Loss,-1.0,9,Top 3 Intraday scanner pick
2026-07-15,Swing,1,Highest Priority,ULTRACEMCO,BUY,94,11878.71,11266.51,13103.1,2.0,11799.0,+₹532.49 / +4.51%,+₹1304.10 / +11.05%,Active After Trigger,,,,,9,Top 3 Swing scanner pick
2026-07-15,Swing,2,Highest Priority,APOLLOHOSP,BUY,92,9027.02,8685.17,9710.71,2.0,8843.0,+₹157.83 / +1.78%,+₹867.71 / +9.81%,Pending Trigger,,,,,9,Top 3 Swing scanner pick
2026-07-15,Swing,3,Highest Priority,AXISBANK,SELL,92,1305.68,1373.99,1169.06,2.0,1215.7,+₹158.29 / +13.02%,+₹46.64 / +3.84%,Active After Trigger,,,,,9,Top 3 Swing scanner pick
2026-07-15,Swing,1,Highest Priority,ADANIENT,BUY,94,3226.14,3001.35,3675.72,2.0,3009.2,+₹7.85 / +0.26%,+₹666.52 / +22.15%,Pending Trigger,,,,,9,Top 3 Swing scanner pick
2026-07-15,Swing,1,Highest Priority,ABCAPITAL,BUY,94,405.41,382.63,450.98,2.0,400.6,+₹17.97 / +4.49%,+₹50.38 / +12.58%,Active After Trigger,,,,,9,Top 3 Swing scanner pick
2026-07-15,Swing,2,Highest Priority,ADANIENT,BUY,94,3226.14,3001.35,3675.72,2.0,3147.7,+₹146.35 / +4.65%,+₹528.02 / +16.77%,Pending Trigger,,,,,9,Top 3 Swing scanner pick
2026-07-15,Swing,3,Highest Priority,BHARTIARTL,BUY,94,1944.98,1841.05,2152.85,2.0,1949.0,+₹107.95 / +5.54%,+₹203.85 / +10.46%,Active After Trigger,,,,,9,Top 3 Swing scanner pick
2026-07-15,Swing,1,Highest Priority,HDFCAMC,BUY,94,2763.72,2596.73,3097.7,2.0,2508.7,-₹88.03 / -3.51%,+₹589.00 / +23.48%,Stop Hit First,Stop,2026-07-16,Loss,-1.0,8,Top 3 Swing scanner pick
2026-07-15,Swing,2,Highest Priority,HINDUNILVR,SELL,94,2115.76,2244.19,1858.9,2.0,2161.8,+₹82.39 / +3.81%,+₹302.90 / +14.01%,Active After Trigger,,,,,8,Top 3 Swing scanner pick
2026-07-15,Swing,3,Highest Priority,ICICIBANK,BUY,94,1415.83,1362.73,1522.03,2.0,1434.6,+₹71.87 / +5.01%,+₹87.43 / +6.09%,Active After Trigger,,,,,8,Top 3 Swing scanner pick
2026-07-14,Swing,1,Highest Priority,ABCAPITAL,BUY,94,405.41,382.63,450.98,2.0,392.25,+₹9.62 / +2.45%,+₹58.73 / +14.97%,Active After Trigger,,,,,9,Top 3 Swing scanner pick
2026-07-14,Swing,2,Highest Priority,ADANIENT,BUY,94,3226.14,3001.35,3675.72,2.0,3010.0,+₹8.65 / +0.29%,+₹665.72 / +22.12%,Pending Trigger,,,,,9,Top 3 Swing scanner pick
2026-07-14,Swing,3,Highest Priority,BHARTIARTL,BUY,94,1944.98,1841.05,2152.85,2.0,1931.0,+₹89.95 / +4.66%,+₹221.85 / +11.49%,Active After Trigger,,,,,9,Top 3 Swing scanner pick
2026-07-14,Swing,1,Highest Priority,HDFCLIFE,SELL,94,552.14,581.59,493.25,2.0,550.2,+₹31.39 / +5.71%,+₹56.95 / +10.35%,Active After Trigger,,,,,9,Top 3 Swing scanner pick
2026-07-14,Swing,2,Highest Priority,ABCAPITAL,BUY,92,405.41,382.6,451.03,2.0,392.35,+₹9.75 / +2.49%,+₹58.68 / +14.96%,Active After Trigger,,,,,9,Top 3 Swing scanner pick
2026-07-14,Swing,1,Highest Priority,ULTRACEMCO,BUY,94,11563.08,11266.61,12156.01,2.0,11871.0,+₹604.39 / +5.09%,+₹285.01 / +2.40%,Target Hit First,Target,2026-07-22,Win,2.0,9,Top 3 Swing scanner pick
2026-07-14,Swing,1,Highest Priority,HDFCAMC,BUY,94,2763.72,2596.73,3097.7,2.0,2511.1,-₹85.63 / -3.41%,+₹586.60 / +23.36%,Stop Hit First,Stop,2026-07-16,Loss,-1.0,9,Top 3 Swing scanner pick
2026-07-14,Swing,2,Highest Priority,HINDUNILVR,SELL,94,2115.76,2244.19,1858.9,2.0,2153.6,+₹90.59 / +4.21%,+₹294.70 / +13.68%,Active After Trigger,,,,,9,Top 3 Swing scanner pick
2026-07-14,Swing,3,Highest Priority,ICICIBANK,BUY,94,1415.83,1362.73,1522.03,2.0,1434.3,+₹71.57 / +4.99%,+₹87.73 / +6.12%,Active After Trigger,,,,,9,Top 3 Swing scanner pick
2026-07-14,Swing,1,Highest Priority,BHARTIARTL,BUY,94,1933.86,1828.76,2144.05,2.0,1934.7,+₹105.94 / +5.48%,+₹209.35 / +10.82%,Active After Trigger,,,,,9,Top 3 Swing scanner pick
2026-07-14,Swing,2,Highest Priority,HAL,BUY,94,4533.95,4258.06,5085.73,2.0,4593.8,+₹335.74 / +7.31%,+₹491.93 / +10.71%,Active After Trigger,,,,,9,Top 3 Swing scanner pick
2026-07-14,Swing,3,Highest Priority,HINDALCO,SELL,94,962.77,995.4,897.51,2.0,950.0,+₹45.40 / +4.78%,+₹52.49 / +5.53%,Active After Trigger,,,,,9,Top 3 Swing scanner pick
2026-07-14,Intraday,1,Highest Priority,BAJAJ-AUTO,BUY,94,10445.35,10200.15,10935.74,2.0,10998.5,+₹798.35 / +7.26%,-₹62.76 / -0.57%,Target Hit First,Target,2026-07-22,Win,2.0,9,Top 3 Intraday scanner pick
2026-07-14,Intraday,2,Highest Priority,COFORGE,BUY,94,1548.99,1520.07,1606.83,2.0,1471.4,-₹48.67 / -3.31%,+₹135.43 / +9.20%,Stop Hit First,Stop,2026-07-15,Loss,-1.0,9,Top 3 Intraday scanner pick
2026-07-14,Intraday,3,Highest Priority,GRASIM,SELL,94,3118.95,3172.4,3012.04,2.0,3166.3,+₹6.10 / +0.19%,+₹154.26 / +4.87%,Stop Hit First,Stop,2026-07-21,Loss,-1.0,9,Top 3 Intraday scanner pick
2026-07-13,Swing,1,Highest Priority,HDFCAMC,BUY,94,2763.72,2596.73,3097.7,2.0,2546.0,-₹50.73 / -1.99%,+₹551.70 / +21.67%,Stop Hit First,Stop,2026-07-16,Loss,-1.0,9,Top 3 Swing scanner pick
2026-07-13,Swing,2,Highest Priority,HINDUNILVR,SELL,94,2115.76,2244.19,1858.9,2.0,2154.6,+₹89.59 / +4.16%,+₹295.70 / +13.72%,Active After Trigger,,,,,9,Top 3 Swing scanner pick
2026-07-13,Swing,3,Highest Priority,ICICIBANK,BUY,94,1415.83,1362.73,1522.03,2.0,1440.7,+₹77.97 / +5.41%,+₹81.33 / +5.65%,Active After Trigger,,,,,9,Top 3 Swing scanner pick
2026-07-13,Intraday,1,Highest Priority,BAJAJ-AUTO,BUY,94,10445.35,10200.15,10935.74,2.0,10998.5,+₹798.35 / +7.26%,-₹62.76 / -0.57%,Target Hit First,Target,2026-07-22,Win,2.0,9,Top 3 Intraday scanner pick
2026-07-13,Intraday,2,Highest Priority,COFORGE,BUY,94,1548.99,1520.07,1606.83,2.0,1471.4,-₹48.67 / -3.31%,+₹135.43 / +9.20%,Stop Hit First,Stop,2026-07-15,Loss,-1.0,9,Top 3 Intraday scanner pick
2026-07-13,Intraday,3,Highest Priority,GRASIM,SELL,94,3118.95,3172.4,3012.04,2.0,3166.3,+₹6.10 / +0.19%,+₹154.26 / +4.87%,Stop Hit First,Stop,2026-07-21,Loss,-1.0,9,Top 3 Intraday scanner pick
2026-07-13,Swing,1,Highest Priority,TATASTEEL,SELL,94,185.03,193.77,167.55,2.0,185.99,+₹7.78 / +4.18%,+₹18.44 / +9.91%,Active After Trigger,,,,,9,Top 3 Swing scanner pick
2026-07-13,Swing,1,Highest Priority,BHARTIARTL,BUY,94,1933.86,1828.76,2144.05,2.0,1948.0,+₹119.24 / +6.12%,+₹196.05 / +10.06%,Active After Trigger,,,,,9,Top 3 Swing scanner pick
2026-07-13,Swing,2,Highest Priority,HAL,BUY,94,4533.95,4258.06,5085.73,2.0,4567.9,+₹309.84 / +6.78%,+₹517.83 / +11.34%,Active After Trigger,,,,,9,Top 3 Swing scanner pick
2026-07-13,Swing,3,Highest Priority,HINDALCO,SELL,94,962.77,995.4,897.51,2.0,948.25,+₹47.15 / +4.97%,+₹50.74 / +5.35%,Stop Hit First,Stop,2026-07-14,Loss,-1.0,9,Top 3 Swing scanner pick
2026-07-13,Intraday,1,Highest Priority,PAYTM,BUY,94,1350.6,1313.56,1424.66,2.0,1268.4,-₹45.16 / -3.56%,+₹156.26 / +12.32%,Stop Hit First,Stop,2026-07-21,Loss,-1.0,9,Top 3 Intraday scanner pick
2026-07-13,Intraday,2,Highest Priority,PNB,BUY,94,105.81,104.04,109.36,2.0,110.67,+₹6.63 / +5.99%,-₹1.31 / -1.18%,Target Hit First,Target,2026-07-20,Win,2.0,9,Top 3 Intraday scanner pick
2026-07-13,Intraday,3,Highest Priority,SBIN,BUY,94,1039.47,1023.13,1072.17,2.0,1020.7,-₹2.43 / -0.24%,+₹51.47 / +5.04%,Stop Hit First,Stop,2026-07-14,Loss,-1.0,9,Top 3 Intraday scanner pick
2026-07-12,Swing,1,Highest Priority,BHARTIARTL,BUY,94,1933.86,1828.76,2144.05,2.0,1951.2,+₹122.44 / +6.28%,+₹192.85 / +9.88%,Active After Trigger,,,,,10,Top 3 Swing scanner pick
2026-07-12,Swing,2,Highest Priority,HAL,BUY,94,4533.95,4258.06,5085.73,2.0,4596.0,+₹337.94 / +7.35%,+₹489.73 / +10.66%,Active After Trigger,,,,,10,Top 3 Swing scanner pick
2026-07-12,Swing,3,Highest Priority,HINDALCO,SELL,94,962.77,995.4,897.51,2.0,949.15,+₹46.25 / +4.87%,+₹51.64 / +5.44%,Stop Hit First,Stop,2026-07-14,Loss,-1.0,10,Top 3 Swing scanner pick
2026-07-12,Intraday,1,Highest Priority,PAYTM,BUY,94,1350.6,1313.56,1424.66,2.0,1297.4,-₹16.16 / -1.25%,+₹127.26 / +9.81%,Stop Hit First,Stop,2026-07-21,Loss,-1.0,10,Top 3 Intraday scanner pick
2026-07-12,Intraday,2,Highest Priority,PNB,BUY,94,105.81,104.04,109.36,2.0,112.1,+₹8.06 / +7.19%,-₹2.74 / -2.44%,Target Hit First,Target,2026-07-20,Win,2.0,10,Top 3 Intraday scanner pick
2026-07-12,Intraday,3,Highest Priority,SBIN,BUY,94,1039.47,1023.13,1072.17,2.0,1044.0,+₹20.87 / +2.00%,+₹28.17 / +2.70%,Stop Hit First,Stop,2026-07-14,Loss,-1.0,9,Top 3 Intraday scanner pick
2026-07-11,Swing,3,Highest Priority,HINDALCO,SELL,94,962.77,995.4,897.51,2.0,951.4,+₹44.00 / +4.62%,+₹53.89 / +5.66%,Stop Hit First,Stop,2026-07-14,Loss,-1.0,10,Top 3 Swing scanner pick
2026-07-11,Swing,2,Highest Priority,HAL,BUY,94,4533.95,4258.06,5085.73,2.0,4581.7,+₹323.64 / +7.06%,+₹504.03 / +11.00%,Active After Trigger,,,,,10,Top 3 Swing scanner pick
2026-07-11,Swing,1,Highest Priority,BHARTIARTL,BUY,94,1969.93,1828.55,2252.7,2.0,1948.4,+₹119.85 / +6.15%,+₹304.30 / +15.62%,Pending Trigger,,,,,10,Top 3 Swing scanner pick
2026-07-11,Swing,2,Highest Priority,GRASIM,BUY,94,3252.49,3065.59,3626.29,2.0,3170.4,+₹104.81 / +3.31%,+₹455.89 / +14.38%,Pending Trigger,,,,,10,Top 3 Swing scanner pick
2026-07-11,Swing,3,Highest Priority,HAL,BUY,94,4533.95,4258.06,5085.73,2.0,4569.5,+₹311.44 / +6.82%,+₹516.23 / +11.30%,Active After Trigger,,,,,10,Top 3 Swing scanner pick
2026-07-11,Swing,1,Highest Priority,BAJFINANCE,BUY,94,1015.53,972.31,1101.96,2.0,1065.1,+₹92.79 / +8.71%,+₹36.86 / +3.46%,Active After Trigger,,,,,10,Top 3 Swing scanner pick
2026-07-11,Swing,2,Highest Priority,BHARTIARTL,BUY,94,1969.93,1828.55,2252.7,2.0,1945.1,+₹116.55 / +5.99%,+₹307.60 / +15.81%,Pending Trigger,,,,,10,Top 3 Swing scanner pick
2026-07-11,Swing,3,Highest Priority,HDFCAMC,BUY,94,2750.39,2585.82,3079.53,2.0,2604.3,+₹18.48 / +0.71%,+₹475.23 / +18.25%,Active After Trigger,,,,,10,Top 3 Swing scanner pick
2026-07-11,Intraday,1,Highest Priority,PAYTM,BUY,94,1350.6,1313.56,1424.66,2.0,1348.5,+₹34.94 / +2.59%,+₹76.16 / +5.65%,Active After Trigger,,,,,10,Top 3 Intraday scanner pick
2026-07-11,Intraday,2,Highest Priority,PNB,BUY,94,105.81,104.04,109.36,2.0,111.65,+₹7.61 / +6.82%,-₹2.29 / -2.05%,Target Hit First,Target,2026-07-20,Win,2.0,10,Top 3 Intraday scanner pick
2026-07-11,Intraday,3,Highest Priority,SBIN,BUY,94,1039.47,1023.13,1072.17,2.0,1060.6,+₹37.47 / +3.53%,+₹11.57 / +1.09%,Stop Hit First,Stop,2026-07-14,Loss,-1.0,10,Top 3 Intraday scanner pick
2026-07-10,Swing,2,Highest Priority,GRASIM,BUY,94,3252.49,3065.59,3626.29,2.0,3143.8,+₹78.21 / +2.49%,+₹482.49 / +15.35%,Pending Trigger,,,,,10,Top 3 Swing scanner pick
2026-07-10,Swing,3,Highest Priority,HAL,BUY,94,4533.95,4258.06,5085.73,2.0,4491.0,+₹232.94 / +5.19%,+₹594.73 / +13.24%,Pending Trigger,,,,,10,Top 3 Swing scanner pick
2026-07-10,Intraday,1,Highest Priority,PAYTM,BUY,94,1350.6,1313.56,1424.66,2.0,1348.5,+₹34.94 / +2.59%,+₹76.16 / +5.65%,Active After Trigger,,,,,10,Top 3 Intraday scanner pick
2026-07-10,Intraday,2,Highest Priority,PNB,BUY,94,105.81,104.04,109.36,2.0,111.65,+₹7.61 / +6.82%,-₹2.29 / -2.05%,Stop Hit First,Stop,2026-07-13,Loss,-1.0,10,Top 3 Intraday scanner pick
2026-07-10,Intraday,3,Highest Priority,SBIN,BUY,94,1039.47,1023.13,1072.17,2.0,1060.6,+₹37.47 / +3.53%,+₹11.57 / +1.09%,Stop Hit First,Stop,2026-07-13,Loss,-1.0,10,Top 3 Intraday scanner pick
2026-07-10,Swing,1,Highest Priority,BHARTIARTL,BUY,94,1933.86,1828.76,2144.05,2.0,1940.1,+₹111.34 / +5.74%,+₹203.95 / +10.51%,Active After Trigger,,,,,10,Top 3 Swing scanner pick
2026-07-10,Swing,2,Highest Priority,HAL,BUY,94,4533.95,4258.06,5085.73,2.0,4486.0,+₹227.94 / +5.08%,+₹599.73 / +13.37%,Pending Trigger,,,,,10,Top 3 Swing scanner pick
2026-07-10,Swing,3,Highest Priority,HINDUNILVR,SELL,94,2143.6,2244.15,1942.51,2.0,2137.3,+₹106.85 / +5.00%,+₹194.79 / +9.11%,Active After Trigger,,,,,10,Top 3 Swing scanner pick
2026-07-10,Intraday,1,Highest Priority,SBIN,BUY,94,1039.17,1023.13,1071.26,2.0,1051.2,+₹28.07 / +2.67%,+₹20.06 / +1.91%,Stop Hit First,Stop,2026-07-13,Loss,-1.0,10,Top 3 Intraday scanner pick
2026-07-10,Swing,1,Highest Priority,TCS,SELL,94,2064.46,2155.42,1882.55,2.0,2254.7,-₹99.28 / -4.40%,+₹372.15 / +16.51%,Pending Trigger,,,,,10,Top 3 Swing scanner pick
2026-07-10,Swing,2,Highest Priority,BAJFINANCE,BUY,94,1015.53,972.31,1101.96,2.0,1061.6,+₹89.29 / +8.41%,+₹40.36 / +3.80%,Active After Trigger,,,,,10,Top 3 Swing scanner pick
2026-07-10,Swing,3,Highest Priority,HDFCBANK,BUY,94,824.5,790.78,891.92,2.0,779.9,-₹10.88 / -1.40%,+₹112.02 / +14.36%,Stop Hit First,Stop,2026-07-20,Loss,-1.0,10,Top 3 Swing scanner pick
2026-07-10,Swing,1,Highest Priority,APLAPOLLO,SELL,94,1789.51,1847.51,1673.52,2.0,1813.0,+₹34.51 / +1.90%,+₹139.48 / +7.69%,Active After Trigger,,,,,10,Top 3 Swing scanner pick
2026-07-10,Swing,2,Highest Priority,HEROMOTOCO,SELL,94,4866.25,5056.91,4484.91,2.0,4909.9,+₹147.01 / +2.99%,+₹424.99 / +8.66%,Active After Trigger,,,,,9,Top 3 Swing scanner pick
2026-07-10,Swing,3,Highest Priority,HINDALCO,SELL,94,960.13,993.64,893.09,2.0,944.15,+₹49.49 / +5.24%,+₹51.06 / +5.41%,Stop Hit First,Stop,2026-07-14,Loss,-1.0,9,Top 3 Swing scanner pick
2026-07-10,Intraday,1,Highest Priority,DRREDDY,SELL,94,1264.37,1280.54,1232.02,2.0,1211.2,+₹69.34 / +5.72%,-₹20.82 / -1.72%,Ambiguous Entry Candle,Entry/exit same candle,2026-07-10,Ambiguous,,9,Top 3 Intraday scanner pick
2026-07-09,Swing,3,Highest Priority,HDFCAMC,BUY,94,2750.39,2585.82,3079.53,2.0,2651.2,+₹65.38 / +2.47%,+₹428.33 / +16.16%,Active After Trigger,,,,,10,Top 3 Swing scanner pick
2026-07-09,Intraday,1,Highest Priority,DRREDDY,SELL,94,1264.37,1280.54,1232.02,2.0,1211.2,+₹69.34 / +5.72%,-₹20.82 / -1.72%,Ambiguous Entry Candle,Entry/exit same candle,2026-07-09,Ambiguous,,9,Top 3 Intraday scanner pick
2026-07-09,Swing,1,Highest Priority,BAJFINANCE,BUY,94,1012.42,972.34,1092.59,2.0,1056.3,+₹83.96 / +7.95%,+₹36.29 / +3.44%,Active After Trigger,,,,,9,Top 3 Swing scanner pick
2026-07-09,Swing,3,Highest Priority,DIVISLAB,BUY,94,6958.89,6513.9,7848.87,2.0,7247.5,+₹733.60 / +10.12%,+₹601.37 / +8.30%,Active After Trigger,,,,,9,Top 3 Swing scanner pick
2026-07-09,Swing,1,Highest Priority,ABCAPITAL,BUY,92,411.47,380.68,473.05,2.0,401.55,+₹20.87 / +5.20%,+₹71.50 / +17.81%,Pending Trigger,,,,,9,Top 3 Swing scanner pick
2026-07-09,Swing,2,Highest Priority,BHARTIARTL,BUY,92,1960.41,1829.19,2222.85,2.0,1908.8,+₹79.61 / +4.17%,+₹314.05 / +16.45%,Active After Trigger,,,,,9,Top 3 Swing scanner pick
2026-07-09,Swing,1,Highest Priority,BPCL,BUY,94,316.48,298.83,351.79,2.0,312.0,+₹13.17 / +4.22%,+₹39.79 / +12.75%,Active After Trigger,,,,,9,Top 3 Swing scanner pick
2026-07-09,Swing,2,Highest Priority,NESTLEIND,BUY,94,1485.87,1377.18,1703.23,2.0,1427.2,+₹50.02 / +3.50%,+₹276.03 / +19.34%,Pending Trigger,,,,,9,Top 3 Swing scanner pick
2026-07-09,Swing,3,Highest Priority,SBIN,BUY,94,1051.7,1018.37,1118.36,2.0,1044.3,+₹25.93 / +2.48%,+₹74.06 / +7.09%,Pending Trigger,,,,,9,Top 3 Swing scanner pick
2026-07-08,Swing,1,Highest Priority,ICICIBANK,BUY,94,1421.14,1363.49,1536.43,2.0,1444.3,+₹80.81 / +5.60%,+₹92.13 / +6.38%,Active After Trigger,,,,,10,Top 3 Swing scanner pick
2026-07-08,Swing,2,Highest Priority,SUNPHARMA,BUY,94,1933.36,1852.85,2094.38,2.0,1950.1,+₹97.25 / +4.99%,+₹144.28 / +7.40%,Active After Trigger,,,,,10,Top 3 Swing scanner pick
2026-07-08,Swing,3,Highest Priority,BAJFINANCE,BUY,92,1036.77,972.85,1164.6,2.0,1037.6,+₹64.75 / +6.24%,+₹127.00 / +12.24%,Active After Trigger,,,,,10,Top 3 Swing scanner pick
2026-07-08,Swing,1,Highest Priority,SUNPHARMA,BUY,94,1933.36,1852.85,2094.38,2.0,1950.1,+₹97.25 / +4.99%,+₹144.28 / +7.40%,Active After Trigger,,,,,10,Top 3 Swing scanner pick
2026-07-08,Swing,2,Highest Priority,BOSCHLTD,BUY,92,42139.11,39415.11,47587.12,2.0,40855.0,+₹1439.89 / +3.52%,+₹6732.12 / +16.48%,Active After Trigger,,,,,9,Top 3 Swing scanner pick
2026-07-08,Intraday,1,Highest Priority,MUTHOOTFIN,BUY,94,3136.06,3066.11,3275.96,2.0,2985.4,-₹80.71 / -2.70%,+₹290.56 / +9.73%,Stop Hit First,Stop,2026-07-09,Loss,-1.0,9,Top 3 Intraday scanner pick
2026-07-08,Intraday,2,Highest Priority,ONGC,BUY,94,248.6,242.68,260.43,2.0,247.47,+₹4.79 / +1.94%,+₹12.96 / +5.24%,Active After Trigger,,,,,9,Top 3 Intraday scanner pick
2026-07-08,Intraday,3,Highest Priority,PERSISTENT,BUY,94,4914.81,4846.38,5051.67,2.0,5172.4,+₹326.02 / +6.30%,-₹120.73 / -2.33%,Target Hit First,Target,2026-07-10,Win,2.0,9,Top 3 Intraday scanner pick
2026-07-08,Swing,1,Highest Priority,BPCL,BUY,94,316.48,298.83,351.79,2.0,314.8,+₹15.97 / +5.07%,+₹36.99 / +11.75%,Active After Trigger,,,,,9,Top 3 Swing scanner pick
2026-07-08,Swing,2,Highest Priority,SBIN,BUY,94,1051.7,1018.37,1118.36,2.0,1041.4,+₹23.03 / +2.21%,+₹76.96 / +7.39%,Pending Trigger,,,,,9,Top 3 Swing scanner pick
2026-07-08,Swing,1,Highest Priority,AUBANK,BUY,94,1092.58,1012.84,1252.05,2.0,1024.0,+₹11.16 / +1.09%,+₹228.05 / +22.27%,Pending Trigger,,,,,9,Top 3 Swing scanner pick
2026-07-08,Swing,2,Highest Priority,HDFCBANK,BUY,94,833.16,771.14,957.2,2.0,818.5,+₹47.36 / +5.79%,+₹138.70 / +16.95%,Active After Trigger,,,,,9,Top 3 Swing scanner pick
2026-07-08,Swing,3,Highest Priority,HINDUNILVR,BUY,94,2225.84,2110.24,2457.05,2.0,2151.5,+₹41.26 / +1.92%,+₹305.55 / +14.20%,Pending Trigger,,,,,9,Top 3 Swing scanner pick
2026-07-08,Intraday,1,Highest Priority,BAJFINANCE,BUY,94,1044.59,1030.39,1072.98,2.0,1046.0,+₹15.61 / +1.49%,+₹26.98 / +2.58%,Active After Trigger,,,,,9,Top 3 Intraday scanner pick
2026-07-08,Intraday,2,Highest Priority,HDFCAMC,BUY,94,2798.09,2754.63,2884.99,2.0,2649.0,-₹105.63 / -3.99%,+₹235.99 / +8.91%,Pending Trigger,,,,,9,Top 3 Intraday scanner pick
2026-07-08,Intraday,3,Highest Priority,HINDUNILVR,BUY,94,2216.42,2200.61,2248.06,2.0,2132.0,-₹68.61 / -3.22%,+₹116.06 / +5.44%,Pending Trigger,,,,,9,Top 3 Intraday scanner pick
2026-07-07,Swing,1,Highest Priority,BPCL,BUY,94,316.48,298.83,351.79,2.0,309.6,+₹10.77 / +3.48%,+₹42.19 / +13.63%,Pending Trigger,,,,,10,Top 3 Swing scanner pick
2026-07-07,Swing,2,Highest Priority,NESTLEIND,BUY,94,1485.87,1377.18,1703.23,2.0,1424.4,+₹47.22 / +3.32%,+₹278.83 / +19.58%,Pending Trigger,,,,,10,Top 3 Swing scanner pick
2026-07-07,Swing,3,Highest Priority,SBIN,BUY,94,1051.7,1018.37,1118.36,2.0,1031.2,+₹12.83 / +1.24%,+₹87.16 / +8.45%,Pending Trigger,,,,,9,Top 3 Swing scanner pick
2026-07-07,Intraday,1,Highest Priority,BAJFINANCE,BUY,94,1044.59,1030.39,1072.98,2.0,1037.6,+₹7.21 / +0.69%,+₹35.38 / +3.41%,Stop Hit First,Stop,2026-07-08,Loss,-1.0,9,Top 3 Intraday scanner pick
2026-07-07,Intraday,2,Highest Priority,HDFCAMC,BUY,94,2798.09,2754.63,2884.99,2.0,2601.0,-₹153.63 / -5.91%,+₹283.99 / +10.92%,Stop Hit First,Stop,2026-07-08,Loss,-1.0,9,Top 3 Intraday scanner pick
2026-07-07,Intraday,3,Highest Priority,HINDUNILVR,BUY,94,2216.42,2200.61,2248.06,2.0,2102.4,-₹98.21 / -4.67%,+₹145.66 / +6.93%,Stop Hit First,Stop,2026-07-07,Loss,-1.0,9,Top 3 Intraday scanner pick
2026-07-07,Swing,1,Highest Priority,HDFCBANK,BUY,90,844.69,791.22,951.61,2.0,807.0,+₹15.78 / +1.96%,+₹144.61 / +17.92%,Pending Trigger,,,,,9,Top 3 Swing scanner pick
2026-07-07,Intraday,1,Highest Priority,INDUSINDBK,BUY,94,1033.36,1011.15,1077.79,2.0,1008.5,-₹2.65 / -0.26%,+₹69.29 / +6.87%,Stop Hit First,Stop,2026-07-08,Loss,-1.0,9,Top 3 Intraday scanner pick
2026-07-07,Swing,1,Highest Priority,TITAN,BUY,92,4569.92,4216.35,5277.07,2.0,4645.6,+₹429.25 / +9.24%,+₹631.47 / +13.59%,Active After Trigger,,,,,9,Top 3 Swing scanner pick
2026-07-07,Swing,1,Highest Priority,ABBOTINDIA,BUY,94,27054.0,25149.39,30863.21,2.0,27500.0,+₹2350.61 / +8.55%,+₹3363.21 / +12.23%,Active After Trigger,,,,,9,Top 3 Swing scanner pick
2026-07-07,Swing,2,Highest Priority,AMBUJACEM,BUY,94,445.09,413.0,509.27,2.0,429.8,+₹16.80 / +3.91%,+₹79.47 / +18.49%,Pending Trigger,,,,,9,Top 3 Swing scanner pick
2026-07-07,Swing,3,Highest Priority,AUBANK,BUY,94,1092.58,1012.84,1252.05,2.0,1038.3,+₹25.46 / +2.45%,+₹213.75 / +20.59%,Pending Trigger,,,,,9,Top 3 Swing scanner pick
2026-07-07,Swing,1,Highest Priority,RECLTD,BUY,94,373.09,351.89,415.5,2.0,351.7,-₹0.19 / -0.05%,+₹63.80 / +18.14%,Pending Trigger,,,,,8,Top 3 Swing scanner pick
2026-07-07,Swing,2,Highest Priority,SBIN,BUY,94,1059.11,1018.28,1140.78,2.0,1030.1,+₹11.82 / +1.15%,+₹110.68 / +10.74%,Pending Trigger,,,,,8,Top 3 Swing scanner pick
2026-07-07,Swing,3,Highest Priority,IDFCFIRSTB,BUY,92,81.46,77.33,89.72,2.0,79.47,+₹2.14 / +2.69%,+₹10.25 / +12.90%,Active After Trigger,,,,,8,Top 3 Swing scanner pick
2026-07-07,Intraday,1,Highest Priority,MUTHOOTFIN,BUY,94,3154.3,3101.84,3259.21,2.0,3016.2,-₹85.64 / -2.84%,+₹243.01 / +8.06%,Stop Hit First,Stop,2026-07-08,Loss,-1.0,8,Top 3 Intraday scanner pick
2026-07-06,Swing,1,Highest Priority,ABBOTINDIA,BUY,94,27054.0,25149.39,30863.21,2.0,27640.0,+₹2490.61 / +9.01%,+₹3223.21 / +11.66%,Active After Trigger,,,,,9,Top 3 Swing scanner pick
2026-07-06,Swing,2,Highest Priority,AUBANK,BUY,94,1092.58,1012.84,1252.05,2.0,1040.6,+₹27.76 / +2.67%,+₹211.45 / +20.32%,Pending Trigger,,,,,9,Top 3 Swing scanner pick
2026-07-06,Swing,3,Highest Priority,BEL,BUY,94,430.76,402.59,487.1,2.0,411.4,+₹8.81 / +2.14%,+₹75.70 / +18.40%,Pending Trigger,,,,,9,Top 3 Swing scanner pick
2026-07-06,Intraday,1,Highest Priority,MUTHOOTFIN,BUY,94,3154.3,3101.84,3259.21,2.0,2999.0,-₹102.84 / -3.43%,+₹260.21 / +8.68%,Stop Hit First,Stop,2026-07-08,Loss,-1.0,9,Top 3 Intraday scanner pick
2026-07-06,Swing,1,Highest Priority,AUBANK,BUY,94,1092.58,1012.3,1253.14,2.0,1045.6,+₹33.30 / +3.18%,+₹207.54 / +19.85%,Pending Trigger,,,,,9,Top 3 Swing scanner pick
2026-07-06,Swing,1,Highest Priority,RECLTD,BUY,94,373.09,351.89,415.5,2.0,354.45,+₹2.56 / +0.72%,+₹61.05 / +17.22%,Pending Trigger,,,,,9,Top 3 Swing scanner pick
2026-07-06,Swing,2,Highest Priority,SBIN,BUY,94,1059.11,1018.28,1140.78,2.0,1026.9,+₹8.62 / +0.84%,+₹113.88 / +11.09%,Pending Trigger,,,,,9,Top 3 Swing scanner pick
2026-07-06,Swing,3,Highest Priority,IDFCFIRSTB,BUY,92,81.46,77.33,89.72,2.0,80.1,+₹2.77 / +3.46%,+₹9.62 / +12.01%,Active After Trigger,,,,,9,Top 3 Swing scanner pick
2026-07-06,Intraday,1,Highest Priority,ABBOTINDIA,BUY,94,26162.22,25735.79,27015.09,2.0,27470.0,+₹1734.21 / +6.31%,-₹454.91 / -1.66%,Target Hit First,Target,2026-07-10,Win,2.0,9,Top 3 Intraday scanner pick
2026-07-06,Intraday,2,Highest Priority,ADANIENT,BUY,94,3229.45,3170.65,3347.03,2.0,3188.9,+₹18.25 / +0.57%,+₹158.13 / +4.96%,Stop Hit First,Stop,2026-07-07,Loss,-1.0,9,Top 3 Intraday scanner pick
2026-07-06,Intraday,3,Highest Priority,BHEL,SELL,94,382.23,388.43,369.85,2.0,402.5,-₹14.07 / -3.50%,+₹32.65 / +8.11%,Ambiguous Entry Candle,Entry/exit same candle,2026-07-07,Ambiguous,,9,Top 3 Intraday scanner pick
2026-07-05,Swing,1,Highest Priority,RECLTD,BUY,94,373.09,351.89,415.5,2.0,352.45,+₹0.56 / +0.16%,+₹63.05 / +17.89%,Pending Trigger,,,,,10,Top 3 Swing scanner pick
2026-07-05,Swing,2,Highest Priority,SBIN,BUY,94,1059.11,1018.28,1140.78,2.0,1037.0,+₹18.72 / +1.81%,+₹103.78 / +10.01%,Pending Trigger,,,,,10,Top 3 Swing scanner pick
2026-07-05,Swing,3,Highest Priority,IDFCFIRSTB,BUY,92,81.46,77.33,89.72,2.0,80.58,+₹3.25 / +4.03%,+₹9.14 / +11.34%,Active After Trigger,,,,,10,Top 3 Swing scanner pick
2026-07-05,Intraday,1,Highest Priority,ABBOTINDIA,BUY,94,26162.22,25735.79,27015.09,2.0,27470.0,+₹1734.21 / +6.31%,-₹454.91 / -1.66%,Target Hit First,Target,2026-07-10,Win,2.0,10,Top 3 Intraday scanner pick
2026-07-05,Intraday,2,Highest Priority,ADANIENT,BUY,94,3229.45,3170.65,3347.03,2.0,3188.9,+₹18.25 / +0.57%,+₹158.13 / +4.96%,Stop Hit First,Stop,2026-07-07,Loss,-1.0,9,Top 3 Intraday scanner pick
2026-07-05,Intraday,3,Highest Priority,BHEL,SELL,94,382.23,388.43,369.85,2.0,402.5,-₹14.07 / -3.50%,+₹32.65 / +8.11%,Ambiguous Entry Candle,Entry/exit same candle,2026-07-07,Ambiguous,,9,Top 3 Intraday scanner pick
2026-07-04,Swing,1,Highest Priority,RECLTD,BUY,94,373.09,351.89,415.5,2.0,352.45,+₹0.56 / +0.16%,+₹63.05 / +17.89%,Pending Trigger,,,,,10,Top 3 Swing scanner pick
2026-07-04,Swing,2,Highest Priority,SBIN,BUY,94,1059.11,1018.28,1140.78,2.0,1018.9,+₹0.62 / +0.06%,+₹121.88 / +11.96%,Pending Trigger,,,,,10,Top 3 Swing scanner pick
2026-07-04,Swing,3,Highest Priority,IDFCFIRSTB,BUY,92,81.46,77.33,89.72,2.0,79.21,+₹1.88 / +2.37%,+₹10.51 / +13.27%,Active After Trigger,,,,,10,Top 3 Swing scanner pick
2026-07-04,Swing,1,Highest Priority,ADANIPORTS,BUY,94,1891.78,1765.74,2143.86,2.0,1820.8,+₹55.06 / +3.02%,+₹323.06 / +17.74%,Pending Trigger,,,,,10,Top 3 Swing scanner pick
2026-07-04,Swing,2,Highest Priority,DIXON,BUY,94,12454.86,11668.69,14027.19,2.0,13404.0,+₹1735.31 / +12.95%,+₹623.19 / +4.65%,Target Hit First,Target,2026-07-10,Win,2.0,10,Top 3 Swing scanner pick
2026-07-04,Swing,3,Highest Priority,KOTAKBANK,BUY,94,405.81,388.99,439.45,2.0,378.6,-₹10.39 / -2.74%,+₹60.85 / +16.07%,Pending Trigger,,,,,10,Top 3 Swing scanner pick
2026-07-04,Intraday,1,Highest Priority,ABBOTINDIA,BUY,94,26162.22,25735.79,27015.09,2.0,27395.0,+₹1659.21 / +6.06%,-₹379.91 / -1.39%,Target Hit First,Target,2026-07-10,Win,2.0,10,Top 3 Intraday scanner pick
2026-07-04,Intraday,2,Highest Priority,ADANIENT,BUY,94,3229.45,3170.65,3347.03,2.0,3177.5,+₹6.85 / +0.22%,+₹169.53 / +5.34%,Stop Hit First,Stop,2026-07-07,Loss,-1.0,10,Top 3 Intraday scanner pick
2026-07-04,Intraday,3,Highest Priority,BHEL,SELL,94,382.23,388.43,369.85,2.0,408.75,-₹20.32 / -4.97%,+₹38.90 / +9.52%,Ambiguous Entry Candle,Entry/exit same candle,2026-07-07,Ambiguous,,10,Top 3 Intraday scanner pick
2026-07-03,Swing,2,Highest Priority,RECLTD,BUY,94,373.09,351.89,415.5,2.0,351.95,+₹0.06 / +0.02%,+₹63.55 / +18.06%,Pending Trigger,,,,,11,Top 3 Swing scanner pick
2026-07-03,Swing,3,Highest Priority,SBIN,BUY,94,1059.11,1018.28,1140.78,2.0,1037.0,+₹18.72 / +1.81%,+₹103.78 / +10.01%,Pending Trigger,,,,,10,Top 3 Swing scanner pick
2026-07-03,Intraday,1,Highest Priority,ABBOTINDIA,BUY,94,26162.22,25735.79,27015.09,2.0,27395.0,+₹1659.21 / +6.06%,-₹379.91 / -1.39%,Target Hit First,Target,2026-07-10,Win,2.0,10,Top 3 Intraday scanner pick
2026-07-03,Intraday,2,Highest Priority,ADANIENT,BUY,94,3229.45,3170.65,3347.03,2.0,3177.5,+₹6.85 / +0.22%,+₹169.53 / +5.34%,Stop Hit First,Stop,2026-07-07,Loss,-1.0,10,Top 3 Intraday scanner pick
2026-07-03,Intraday,3,Highest Priority,BHEL,SELL,94,382.23,388.43,369.85,2.0,408.75,-₹20.32 / -4.97%,+₹38.90 / +9.52%,Ambiguous Entry Candle,Entry/exit same candle,2026-07-07,Ambiguous,,10,Top 3 Intraday scanner pick
2026-07-03,Swing,1,Highest Priority,BIOCON,BUY,94,429.66,410.05,468.88,2.0,410.95,+₹0.90 / +0.22%,+₹57.93 / +14.10%,Stop Hit First,Stop,2026-07-07,Loss,-1.0,10,Top 3 Swing scanner pick
2026-07-03,Swing,1,Highest Priority,ABBOTINDIA,SELL,94,25319.26,26546.66,22864.47,2.0,27395.0,-₹848.34 / -3.10%,+₹4530.53 / +16.54%,Pending Trigger,,,,,10,Top 3 Swing scanner pick
2026-07-03,Swing,2,Highest Priority,ADANIENT,BUY,94,3156.1,2924.4,3619.51,2.0,3187.7,+₹263.30 / +8.26%,+₹431.81 / +13.55%,Active After Trigger,,,,,10,Top 3 Swing scanner pick
2026-07-03,Swing,3,Highest Priority,ADANIPORTS,BUY,94,1885.46,1765.76,2124.87,2.0,1819.0,+₹53.24 / +2.93%,+₹305.87 / +16.82%,Active After Trigger,,,,,10,Top 3 Swing scanner pick
2026-07-03,Intraday,1,Highest Priority,DIXON,BUY,94,12454.86,12200.66,12963.25,2.0,13420.0,+₹1219.34 / +9.09%,-₹456.75 / -3.40%,Target Hit First,Target,2026-07-06,Win,2.0,10,Top 3 Intraday scanner pick
2026-07-03,Intraday,2,Highest Priority,PERSISTENT,BUY,94,4602.09,4531.56,4743.13,2.0,5140.7,+₹609.14 / +11.85%,-₹397.57 / -7.73%,Target Hit First,Target,2026-07-03,Win,2.0,10,Top 3 Intraday scanner pick
2026-07-03,Intraday,3,Highest Priority,TATACONSUM,BUY,94,1110.22,1099.6,1131.45,2.0,1094.8,-₹4.80 / -0.44%,+₹36.65 / +3.35%,Stop Hit First,Stop,2026-07-03,Loss,-1.0,10,Top 3 Intraday scanner pick
2026-07-02,Swing,2,Highest Priority,BAJAJ-AUTO,SELL,94,9696.57,10294.52,8500.66,2.0,10247.5,+₹47.02 / +0.46%,+₹1746.84 / +17.05%,Pending Trigger,,,,,11,Top 3 Swing scanner pick
2026-07-02,Swing,3,Highest Priority,DIXON,BUY,94,12454.86,11668.69,14027.19,2.0,13323.0,+₹1654.31 / +12.42%,+₹704.19 / +5.29%,Target Hit First,Target,2026-07-10,Win,2.0,11,Top 3 Swing scanner pick
2026-07-02,Intraday,1,Highest Priority,DIXON,BUY,94,12454.86,12200.66,12963.25,2.0,13401.0,+₹1200.34 / +8.96%,-₹437.75 / -3.27%,Target Hit First,Target,2026-07-06,Win,2.0,10,Top 3 Intraday scanner pick
2026-07-02,Intraday,2,Highest Priority,PERSISTENT,BUY,94,4602.09,4531.56,4743.13,2.0,5039.9,+₹508.34 / +10.09%,-₹296.77 / -5.89%,Target Hit First,Target,2026-07-03,Win,2.0,10,Top 3 Intraday scanner pick
2026-07-02,Intraday,3,Highest Priority,TATACONSUM,BUY,94,1110.22,1099.6,1131.45,2.0,1111.5,+₹11.90 / +1.07%,+₹19.95 / +1.79%,Stop Hit First,Stop,2026-07-03,Loss,-1.0,10,Top 3 Intraday scanner pick
2026-07-02,Swing,1,Highest Priority,ADANIPORTS,BUY,94,1880.55,1765.83,2110.0,2.0,1828.1,+₹62.27 / +3.41%,+₹281.90 / +15.42%,Active After Trigger,,,,,10,Top 3 Swing scanner pick
2026-07-02,Swing,2,Highest Priority,TATACONSUM,SELL,92,1082.93,1145.81,957.18,2.0,1111.9,+₹33.91 / +3.05%,+₹154.72 / +13.91%,Pending Trigger,,,,,10,Top 3 Swing scanner pick
2026-07-02,Swing,1,Highest Priority,ABBOTINDIA,SELL,94,25149.6,26557.53,22333.74,2.0,27165.0,-₹607.47 / -2.24%,+₹4831.26 / +17.78%,Pending Trigger,,,,,10,Top 3 Swing scanner pick
2026-07-02,Swing,2,Highest Priority,ADANIENT,BUY,94,3060.71,2918.61,3344.9,2.0,3157.3,+₹238.69 / +7.56%,+₹187.60 / +5.94%,Active After Trigger,,,,,9,Top 3 Swing scanner pick
2026-07-02,Swing,3,Highest Priority,APLAPOLLO,SELL,94,1764.66,1882.84,1528.31,2.0,1835.9,+₹46.94 / +2.56%,+₹307.59 / +16.75%,Pending Trigger,,,,,9,Top 3 Swing scanner pick
2026-07-02,Intraday,1,Highest Priority,BAJAJFINSV,BUY,94,1803.6,1772.62,1865.57,2.0,1917.6,+₹144.98 / +7.56%,-₹52.03 / -2.71%,Target Hit First,Target,2026-07-03,Win,2.0,9,Top 3 Intraday scanner pick
2026-07-02,Intraday,2,Highest Priority,DIXON,BUY,94,12009.97,11877.67,12274.57,2.0,13401.0,+₹1523.33 / +11.37%,-₹1126.43 / -8.41%,Target Hit First,Target,2026-07-02,Win,2.0,9,Top 3 Intraday scanner pick
2026-07-02,Intraday,3,Highest Priority,HDFCAMC,BUY,94,2755.5,2693.64,2879.22,2.0,2758.2,+₹64.56 / +2.34%,+₹121.02 / +4.39%,Stop Hit First,Stop,2026-07-08,Loss,-1.0,9,Top 3 Intraday scanner pick
2026-07-01,Swing,2,Highest Priority,ADANIENT,BUY,94,3156.1,2924.4,3619.51,2.0,3157.3,+₹232.90 / +7.38%,+₹462.21 / +14.64%,Active After Trigger,,,,,10,Top 3 Swing scanner pick
2026-07-01,Swing,3,Highest Priority,ADANIPORTS,BUY,94,1885.46,1765.76,2124.87,2.0,1828.1,+₹62.34 / +3.41%,+₹296.77 / +16.23%,Active After Trigger,,,,,10,Top 3 Swing scanner pick
2026-07-01,Intraday,1,Highest Priority,BAJAJFINSV,BUY,94,1803.6,1772.62,1865.57,2.0,1917.6,+₹144.98 / +7.56%,-₹52.03 / -2.71%,Target Hit First,Target,2026-07-03,Win,2.0,10,Top 3 Intraday scanner pick
2026-07-01,Intraday,2,Highest Priority,DIXON,BUY,94,12009.97,11877.67,12274.57,2.0,13401.0,+₹1523.33 / +11.37%,-₹1126.43 / -8.41%,Ambiguous Entry Candle,Entry/exit same candle,2026-07-01,Ambiguous,,10,Top 3 Intraday scanner pick
2026-07-01,Intraday,3,Highest Priority,HDFCAMC,BUY,94,2755.5,2693.64,2879.22,2.0,2758.2,+₹64.56 / +2.34%,+₹121.02 / +4.39%,Stop Hit First,Stop,2026-07-08,Loss,-1.0,10,Top 3 Intraday scanner pick
2026-07-01,Swing,1,Highest Priority,ADANIENT,BUY,94,3145.28,2924.49,3586.86,2.0,3083.6,+₹159.11 / +5.16%,+₹503.26 / +16.32%,Active After Trigger,,,,,10,Top 3 Swing scanner pick
2026-07-01,Swing,2,Highest Priority,ADANIPORTS,BUY,94,1885.46,1765.76,2124.87,2.0,1828.1,+₹62.34 / +3.41%,+₹296.77 / +16.23%,Active After Trigger,,,,,9,Top 3 Swing scanner pick
2026-07-01,Swing,3,Highest Priority,DMART,BUY,94,4383.45,4189.87,4770.61,2.0,4081.1,-₹108.77 / -2.67%,+₹689.51 / +16.90%,Pending Trigger,,,,,9,Top 3 Swing scanner pick
2026-07-01,Swing,1,Highest Priority,ABBOTINDIA,SELL,94,25159.58,26643.56,22191.63,2.0,27165.0,-₹521.44 / -1.92%,+₹4973.37 / +18.31%,Pending Trigger,,,,,9,Top 3 Swing scanner pick
2026-07-01,Swing,2,Highest Priority,AUBANK,BUY,94,1041.08,996.53,1130.17,2.0,1072.1,+₹75.57 / +7.05%,+₹58.07 / +5.42%,Active After Trigger,,,,,9,Top 3 Swing scanner pick
2026-07-01,Swing,3,Highest Priority,BRITANNIA,SELL,94,5074.83,5308.13,4608.24,2.0,5353.0,-₹44.87 / -0.84%,+₹744.76 / +13.91%,Pending Trigger,,,,,9,Top 3 Swing scanner pick
2026-07-01,Intraday,1,Highest Priority,BAJFINANCE,BUY,94,1010.27,994.9,1041.0,2.0,1023.0,+₹28.10 / +2.75%,+₹18.00 / +1.76%,Target Hit First,Target,2026-07-07,Win,2.0,9,Top 3 Intraday scanner pick
2026-07-01,Intraday,2,Highest Priority,HDFCAMC,BUY,94,2669.73,2637.38,2734.43,2.0,2760.9,+₹123.52 / +4.47%,-₹26.47 / -0.96%,Target Hit First,Target,2026-07-01,Win,2.0,9,Top 3 Intraday scanner pick
2026-07-01,Intraday,3,Highest Priority,ICICIBANK,SELL,94,1372.45,1381.1,1355.15,2.0,1401.3,-₹20.20 / -1.44%,+₹46.15 / +3.29%,Stop Hit First,Stop,2026-07-01,Loss,-1.0,9,Top 3 Intraday scanner pick
2026-06-30,Intraday,1,Highest Priority,BAJFINANCE,BUY,94,1010.27,994.9,1041.0,2.0,1021.3,+₹26.40 / +2.58%,+₹19.70 / +1.93%,Target Hit First,Target,2026-07-07,Win,2.0,10,Top 3 Intraday scanner pick
2026-06-30,Intraday,3,Highest Priority,ICICIBANK,SELL,94,1372.45,1381.1,1355.15,2.0,1401.3,-₹20.20 / -1.44%,+₹46.15 / +3.29%,Stop Hit First,Stop,2026-07-01,Loss,-1.0,10,Top 3 Intraday scanner pick
2026-06-30,Swing,2,Highest Priority,ADANIENT,BUY,94,3060.71,2918.61,3344.9,2.0,3159.3,+₹240.69 / +7.62%,+₹185.60 / +5.87%,Active After Trigger,,,,,10,Top 3 Swing scanner pick
2026-06-30,Swing,3,Highest Priority,APLAPOLLO,SELL,94,1764.66,1882.84,1528.31,2.0,1823.0,+₹59.84 / +3.28%,+₹294.69 / +16.17%,Active After Trigger,,,,,10,Top 3 Swing scanner pick
2026-06-30,Intraday,1,Highest Priority,CUMMINSIND,BUY,94,5701.38,5607.42,5889.3,2.0,5643.5,+₹36.08 / +0.64%,+₹245.80 / +4.36%,Stop Hit First,Stop,2026-07-02,Loss,-1.0,10,Top 3 Intraday scanner pick
2026-06-30,Intraday,2,Highest Priority,HDFCAMC,BUY,94,2669.73,2637.4,2734.39,2.0,2761.7,+₹124.30 / +4.50%,-₹27.31 / -0.99%,Target Hit First,Target,2026-07-01,Win,2.0,10,Top 3 Intraday scanner pick
2026-06-30,Intraday,3,Highest Priority,MARUTI,BUY,94,14214.37,13987.46,14668.2,2.0,13823.0,-₹164.46 / -1.19%,+₹845.20 / +6.11%,Stop Hit First,Stop,2026-07-08,Loss,-1.0,10,Top 3 Intraday scanner pick
2026-06-30,Swing,1,Highest Priority,MARUTI,BUY,94,14100.14,13161.37,15977.68,2.0,13728.0,+₹566.63 / +4.13%,+₹2249.68 / +16.39%,Active After Trigger,,,,,10,Top 3 Swing scanner pick
2026-06-30,Swing,2,Highest Priority,AUBANK,BUY,94,1041.08,996.53,1130.17,2.0,1038.8,+₹42.27 / +4.07%,+₹91.37 / +8.80%,Active After Trigger,,,,,10,Top 3 Swing scanner pick
2026-06-30,Swing,3,Highest Priority,BRITANNIA,SELL,94,5074.83,5308.13,4608.24,2.0,5315.5,-₹7.37 / -0.14%,+₹707.26 / +13.31%,Pending Trigger,,,,,10,Top 3 Swing scanner pick
2026-06-30,Swing,1,Highest Priority,ABBOTINDIA,SELL,94,25429.04,26643.39,23000.35,2.0,26770.0,-₹126.61 / -0.47%,+₹3769.65 / +14.08%,Stop Hit First,Stop,2026-07-06,Loss,-1.0,9,Top 3 Swing scanner pick
2026-06-30,Swing,2,Highest Priority,APLAPOLLO,SELL,94,1784.72,1883.12,1587.93,2.0,1785.9,+₹97.22 / +5.44%,+₹197.97 / +11.09%,Active After Trigger,,,,,9,Top 3 Swing scanner pick
2026-06-30,Swing,3,Highest Priority,CANBK,SELL,94,127.75,136.74,109.78,2.0,124.8,+₹11.94 / +9.57%,+₹15.02 / +12.04%,Active After Trigger,,,,,9,Top 3 Swing scanner pick
2026-06-30,Intraday,1,Highest Priority,ABCAPITAL,SELL,94,383.38,388.94,372.26,2.0,397.0,-₹8.06 / -2.03%,+₹24.74 / +6.23%,Pending Trigger,,,,,9,Top 3 Intraday scanner pick
2026-06-30,Intraday,2,Highest Priority,CUMMINSIND,SELL,94,5514.45,5572.47,5398.41,2.0,5551.0,+₹21.47 / +0.39%,+₹152.59 / +2.75%,Stop Hit First,Stop,2026-07-06,Loss,-1.0,9,Top 3 Intraday scanner pick
2026-06-30,Intraday,3,Highest Priority,DIXON,SELL,94,11765.42,11924.52,11447.22,2.0,13540.0,-₹1615.48 / -11.93%,+₹2092.78 / +15.46%,Pending Trigger,,,,,9,Top 3 Intraday scanner pick
2026-06-29,Intraday,1,Highest Priority,ABCAPITAL,SELL,94,383.38,388.94,372.26,2.0,396.2,-₹7.26 / -1.83%,+₹23.94 / +6.04%,Pending Trigger,,,,,10,Top 3 Intraday scanner pick
2026-06-29,Intraday,2,Highest Priority,CUMMINSIND,SELL,94,5514.45,5572.47,5398.41,2.0,5529.5,+₹42.97 / +0.78%,+₹131.09 / +2.37%,Stop Hit First,Stop,2026-06-30,Loss,-1.0,10,Top 3 Intraday scanner pick
2026-06-29,Intraday,3,Highest Priority,DIXON,SELL,94,11765.42,11924.52,11447.22,2.0,12934.0,-₹1009.48 / -7.80%,+₹1486.78 / +11.50%,Pending Trigger,,,,,10,Top 3 Intraday scanner pick
2026-06-29,Swing,2,Highest Priority,AUBANK,BUY,94,1041.08,996.53,1130.17,2.0,1066.9,+₹70.37 / +6.60%,+₹63.27 / +5.93%,Active After Trigger,,,,,10,Top 3 Swing scanner pick
2026-06-29,Swing,3,Highest Priority,BRITANNIA,SELL,94,5074.83,5308.13,4608.24,2.0,5315.5,-₹7.37 / -0.14%,+₹707.26 / +13.31%,Pending Trigger,,,,,9,Top 3 Swing scanner pick
2026-06-29,Intraday,1,Highest Priority,DIXON,SELL,94,11765.42,11924.52,11447.22,2.0,12934.0,-₹1009.48 / -7.80%,+₹1486.78 / +11.50%,Pending Trigger,,,,,9,Top 3 Intraday scanner pick
2026-06-29,Intraday,2,Highest Priority,IRCTC,SELL,94,501.0,512.63,477.73,2.0,498.8,+₹13.83 / +2.77%,+₹21.07 / +4.22%,Active After Trigger,,,,,9,Top 3 Intraday scanner pick
2026-06-29,Intraday,3,Highest Priority,LT,SELL,94,4149.98,4209.56,4030.82,2.0,3879.6,+₹329.96 / +8.50%,-₹151.22 / -3.90%,Target Hit First,Target,2026-07-02,Win,2.0,9,Top 3 Intraday scanner pick
2026-06-29,Swing,1,Highest Priority,RECLTD,BUY,94,368.69,349.46,407.14,2.0,349.55,+₹0.09 / +0.03%,+₹57.59 / +16.48%,Stop Hit First,Stop,2026-07-08,Loss,-1.0,9,Top 3 Swing scanner pick
2026-06-29,Swing,2,Highest Priority,TORNTPHARM,BUY,94,4642.17,4364.99,5196.51,2.0,4854.0,+₹489.01 / +10.07%,+₹342.51 / +7.06%,Active After Trigger,,,,,9,Top 3 Swing scanner pick
2026-06-29,Intraday,1,Highest Priority,HDFCBANK,BUY,94,807.06,793.03,835.13,2.0,827.5,+₹34.47 / +4.17%,+₹7.63 / +0.92%,Target Hit First,Target,2026-07-07,Win,2.0,9,Top 3 Intraday scanner pick
2026-06-29,Intraday,2,Highest Priority,TRENT,BUY,94,3317.62,3206.78,3539.3,2.0,2917.5,-₹289.28 / -9.92%,+₹621.80 / +21.31%,Stop Hit First,Stop,2026-07-07,Loss,-1.0,9,Top 3 Intraday scanner pick
2026-06-29,Swing,1,Highest Priority,ABBOTINDIA,SELL,94,25429.04,26643.39,23000.35,2.0,26860.0,-₹216.61 / -0.81%,+₹3859.65 / +14.37%,Stop Hit First,Stop,2026-07-06,Loss,-1.0,9,Top 3 Swing scanner pick
2026-06-29,Swing,2,Highest Priority,APLAPOLLO,SELL,94,1784.72,1883.12,1587.93,2.0,1819.8,+₹63.32 / +3.48%,+₹231.87 / +12.74%,Active After Trigger,,,,,9,Top 3 Swing scanner pick
2026-06-29,Swing,3,Highest Priority,CANBK,SELL,94,127.75,136.74,109.78,2.0,126.46,+₹10.28 / +8.13%,+₹16.68 / +13.19%,Active After Trigger,,,,,9,Top 3 Swing scanner pick
2026-06-29,Intraday,1,Highest Priority,HDFCAMC,SELL,94,2641.31,2689.96,2543.99,2.0,2783.4,-₹93.44 / -3.36%,+₹239.41 / +8.60%,Stop Hit First,Stop,2026-07-01,Loss,-1.0,9,Top 3 Intraday scanner pick
2026-06-29,Intraday,2,Highest Priority,PAYTM,BUY,94,1129.96,1108.48,1172.9,2.0,1246.0,+₹137.52 / +11.04%,-₹73.10 / -5.87%,Target Hit First,Target,2026-07-01,Win,2.0,9,Top 3 Intraday scanner pick
2026-06-28,Swing,1,Highest Priority,ABBOTINDIA,SELL,94,25429.04,26643.39,23000.35,2.0,26725.0,-₹81.61 / -0.31%,+₹3724.65 / +13.94%,Stop Hit First,Stop,2026-07-06,Loss,-1.0,9,Top 3 Swing scanner pick
2026-06-28,Swing,2,Highest Priority,APLAPOLLO,SELL,94,1784.72,1883.12,1587.93,2.0,1819.8,+₹63.32 / +3.48%,+₹231.87 / +12.74%,Active After Trigger,,,,,9,Top 3 Swing scanner pick
2026-06-28,Swing,3,Highest Priority,CANBK,SELL,94,127.75,136.74,109.78,2.0,125.03,+₹11.71 / +9.37%,+₹15.25 / +12.20%,Active After Trigger,,,,,9,Top 3 Swing scanner pick
2026-06-28,Intraday,1,Highest Priority,HDFCAMC,SELL,94,2641.31,2689.96,2543.99,2.0,2783.4,-₹93.44 / -3.36%,+₹239.41 / +8.60%,Stop Hit First,Stop,2026-07-01,Loss,-1.0,9,Top 3 Intraday scanner pick
2026-06-28,Intraday,2,Highest Priority,PAYTM,BUY,94,1129.96,1108.48,1172.9,2.0,1246.0,+₹137.52 / +11.04%,-₹73.10 / -5.87%,Target Hit First,Target,2026-07-01,Win,2.0,9,Top 3 Intraday scanner pick
2026-06-27,Swing,1,Highest Priority,ABBOTINDIA,SELL,94,25429.04,26643.39,23000.35,2.0,26725.0,-₹81.61 / -0.31%,+₹3724.65 / +13.94%,Stop Hit First,Stop,2026-07-06,Loss,-1.0,10,Top 3 Swing scanner pick
2026-06-27,Swing,2,Highest Priority,APLAPOLLO,SELL,94,1784.72,1883.12,1587.93,2.0,1819.3,+₹63.82 / +3.51%,+₹231.37 / +12.72%,Active After Trigger,,,,,10,Top 3 Swing scanner pick
2026-06-27,Swing,3,Highest Priority,CANBK,SELL,94,127.75,136.74,109.78,2.0,124.96,+₹11.78 / +9.43%,+₹15.18 / +12.15%,Active After Trigger,,,,,10,Top 3 Swing scanner pick
2026-06-27,Intraday,1,Highest Priority,HDFCAMC,SELL,94,2641.31,2689.96,2543.99,2.0,2768.5,-₹78.54 / -2.84%,+₹224.51 / +8.11%,Stop Hit First,Stop,2026-07-01,Loss,-1.0,10,Top 3 Intraday scanner pick
2026-06-27,Intraday,2,Highest Priority,PAYTM,BUY,94,1129.96,1108.48,1172.9,2.0,1238.2,+₹129.72 / +10.48%,-₹65.30 / -5.27%,Target Hit First,Target,2026-07-01,Win,2.0,10,Top 3 Intraday scanner pick
2026-06-26,Swing,2,Highest Priority,APLAPOLLO,SELL,94,1784.72,1883.12,1587.93,2.0,1819.3,+₹63.82 / +3.51%,+₹231.37 / +12.72%,Active After Trigger,,,,,11,Top 3 Swing scanner pick
2026-06-26,Swing,3,Highest Priority,CANBK,SELL,94,127.75,136.74,109.78,2.0,124.96,+₹11.78 / +9.43%,+₹15.18 / +12.15%,Active After Trigger,,,,,11,Top 3 Swing scanner pick
2026-06-26,Intraday,1,Highest Priority,ASHOKLEY,BUY,94,161.63,159.74,165.43,2.0,166.2,+₹6.46 / +3.89%,-₹0.77 / -0.46%,Stop Hit First,Stop,2026-07-01,Loss,-1.0,11,Top 3 Intraday scanner pick
2026-06-26,Intraday,2,Highest Priority,HDFCAMC,SELL,94,2641.31,2689.96,2543.99,2.0,2767.5,-₹77.54 / -2.80%,+₹223.51 / +8.08%,Stop Hit First,Stop,2026-07-01,Loss,-1.0,11,Top 3 Intraday scanner pick
2026-06-26,Intraday,3,Highest Priority,PAYTM,BUY,94,1129.96,1108.48,1172.9,2.0,1217.1,+₹108.62 / +8.92%,-₹44.20 / -3.63%,Target Hit First,Target,2026-07-01,Win,2.0,11,Top 3 Intraday scanner pick
2026-06-26,Swing,1,Highest Priority,ABBOTINDIA,SELL,94,25483.93,26643.56,23164.68,2.0,25895.0,+₹748.56 / +2.89%,+₹2730.32 / +10.54%,Active After Trigger,,,,,11,Top 3 Swing scanner pick
2026-06-26,Swing,2,Highest Priority,ADANIENT,BUY,94,3083.96,2876.16,3499.56,2.0,3212.1,+₹335.94 / +10.46%,+₹287.46 / +8.95%,Active After Trigger,,,,,11,Top 3 Swing scanner pick
2026-06-26,Swing,3,Highest Priority,ADANIPORTS,BUY,94,1821.64,1767.19,1930.53,2.0,1874.2,+₹107.01 / +5.71%,+₹56.33 / +3.01%,Active After Trigger,,,,,11,Top 3 Swing scanner pick
2026-06-26,Intraday,1,Highest Priority,HDFCAMC,SELL,94,2641.31,2689.96,2543.99,2.0,2771.1,-₹81.14 / -2.93%,+₹227.11 / +8.20%,Stop Hit First,Stop,2026-07-01,Loss,-1.0,10,Top 3 Intraday scanner pick
2026-06-26,Intraday,2,Highest Priority,PAYTM,BUY,94,1129.96,1108.48,1172.9,2.0,1217.1,+₹108.62 / +8.92%,-₹44.20 / -3.63%,Target Hit First,Target,2026-07-01,Win,2.0,10,Top 3 Intraday scanner pick
2026-06-25,Intraday,1,Highest Priority,HDFCAMC,SELL,94,2641.31,2689.96,2543.99,2.0,2771.1,-₹81.14 / -2.93%,+₹227.11 / +8.20%,Stop Hit First,Stop,2026-07-01,Loss,-1.0,11,Top 3 Intraday scanner pick
2026-06-25,Swing,2,Highest Priority,APLAPOLLO,SELL,94,1784.92,1883.12,1588.53,2.0,1804.5,+₹78.62 / +4.36%,+₹215.97 / +11.97%,Active After Trigger,,,,,11,Top 3 Swing scanner pick
2026-06-25,Swing,3,Highest Priority,CANBK,SELL,94,127.75,136.74,109.78,2.0,126.31,+₹10.43 / +8.26%,+₹16.53 / +13.09%,Active After Trigger,,,,,11,Top 3 Swing scanner pick
2026-06-25,Intraday,1,Highest Priority,ASHOKLEY,BUY,94,161.62,159.74,165.4,2.0,166.3,+₹6.56 / +3.94%,-₹0.90 / -0.54%,Stop Hit First,Stop,2026-06-29,Loss,-1.0,11,Top 3 Intraday scanner pick
2026-06-25,Intraday,2,Highest Priority,PAYTM,BUY,94,1128.95,1108.49,1169.88,2.0,1207.9,+₹99.41 / +8.23%,-₹38.02 / -3.15%,Target Hit First,Target,2026-07-01,Win,2.0,11,Top 3 Intraday scanner pick
2026-06-25,Swing,1,Highest Priority,MUTHOOTFIN,SELL,94,3060.27,3239.61,2701.58,2.0,3132.2,+₹107.41 / +3.43%,+₹430.62 / +13.75%,Active After Trigger,,,,,11,Top 3 Swing scanner pick
2026-06-25,Swing,2,Highest Priority,ADANIENT,BUY,94,3083.96,2876.16,3499.56,2.0,3212.1,+₹335.94 / +10.46%,+₹287.46 / +8.95%,Active After Trigger,,,,,11,Top 3 Swing scanner pick
2026-06-25,Swing,3,Highest Priority,ADANIPORTS,BUY,94,1821.64,1767.19,1930.53,2.0,1874.2,+₹107.01 / +5.71%,+₹56.33 / +3.01%,Active After Trigger,,,,,10,Top 3 Swing scanner pick
2026-06-25,Swing,1,Highest Priority,ABBOTINDIA,SELL,94,25284.33,26836.26,22180.48,2.0,25895.0,+₹941.26 / +3.63%,+₹3714.52 / +14.34%,Active After Trigger,,,,,10,Top 3 Swing scanner pick
2026-06-25,Swing,2,Highest Priority,AMBUJACEM,SELL,94,413.17,437.12,365.27,2.0,443.4,-₹6.28 / -1.42%,+₹78.13 / +17.62%,Pending Trigger,,,,,10,Top 3 Swing scanner pick
2026-06-25,Swing,3,Highest Priority,LUPIN,BUY,94,2384.76,2237.34,2679.6,2.0,2476.0,+₹238.66 / +9.64%,+₹203.60 / +8.22%,Active After Trigger,,,,,10,Top 3 Swing scanner pick
2026-06-25,Intraday,1,Highest Priority,BAJFINANCE,BUY,94,995.84,979.65,1028.2,2.0,1031.5,+₹51.85 / +5.03%,-₹3.30 / -0.32%,Stop Hit First,Stop,2026-06-25,Loss,-1.0,10,Top 3 Intraday scanner pick
2026-06-25,Intraday,2,Highest Priority,COLPAL,SELL,94,1956.08,1989.52,1889.2,2.0,2042.3,-₹52.78 / -2.58%,+₹153.10 / +7.50%,Pending Trigger,,,,,10,Top 3 Intraday scanner pick
2026-06-25,Intraday,3,Highest Priority,HAL,SELL,94,4346.39,4426.83,4185.52,2.0,4427.0,-₹0.17 / -0.00%,+₹241.48 / +5.45%,Stop Hit First,Stop,2026-07-01,Loss,-1.0,9,Top 3 Intraday scanner pick
2026-06-24,Swing,2,Highest Priority,ADANIENT,BUY,94,3083.96,2876.16,3499.56,2.0,3212.1,+₹335.94 / +10.46%,+₹287.46 / +8.95%,Active After Trigger,,,,,10,Top 3 Swing scanner pick
2026-06-24,Swing,3,Highest Priority,NTPC,SELL,94,354.79,370.19,323.98,2.0,356.45,+₹13.74 / +3.85%,+₹32.47 / +9.11%,Active After Trigger,,,,,10,Top 3 Swing scanner pick
2026-06-24,Intraday,1,Highest Priority,BAJFINANCE,BUY,94,995.84,979.65,1028.2,2.0,1031.5,+₹51.85 / +5.03%,-₹3.30 / -0.32%,Stop Hit First,Stop,2026-06-25,Loss,-1.0,10,Top 3 Intraday scanner pick
2026-06-24,Intraday,2,Highest Priority,COLPAL,SELL,94,1956.08,1989.52,1889.2,2.0,2042.3,-₹52.78 / -2.58%,+₹153.10 / +7.50%,Pending Trigger,,,,,10,Top 3 Intraday scanner pick
2026-06-24,Intraday,3,Highest Priority,HAL,SELL,94,4346.39,4426.83,4185.52,2.0,4427.0,-₹0.17 / -0.00%,+₹241.48 / +5.45%,Ambiguous Entry Candle,Entry/exit same candle,2026-06-24,Ambiguous,,10,Top 3 Intraday scanner pick
2026-06-24,Swing,1,Highest Priority,AMBUJACEM,SELL,92,414.32,437.18,368.59,2.0,428.95,+₹8.23 / +1.92%,+₹60.36 / +14.07%,Pending Trigger,,,,,10,Top 3 Swing scanner pick
2026-06-24,Intraday,1,Highest Priority,ABB,SELL,94,7091.79,7207.3,6860.76,2.0,6955.0,+₹252.30 / +3.63%,+₹94.24 / +1.35%,Stop Hit First,Stop,2026-06-29,Loss,-1.0,10,Top 3 Intraday scanner pick
2026-06-24,Intraday,2,Highest Priority,ADANIPORTS,SELL,94,1778.44,1801.09,1733.13,2.0,1870.9,-₹69.81 / -3.73%,+₹137.77 / +7.36%,Stop Hit First,Stop,2026-06-24,Loss,-1.0,10,Top 3 Intraday scanner pick
2026-06-24,Intraday,3,Highest Priority,SAIL,SELL,94,166.87,170.48,159.63,2.0,169.8,+₹0.68 / +0.40%,+₹10.17 / +5.99%,Stop Hit First,Stop,2026-06-24,Loss,-1.0,9,Top 3 Intraday scanner pick
2026-06-24,Swing,1,Highest Priority,ABBOTINDIA,SELL,94,25962.97,26831.67,24225.57,2.0,25895.0,+₹936.67 / +3.62%,+₹1669.43 / +6.45%,Active After Trigger,,,,,9,Top 3 Swing scanner pick
2026-06-24,Swing,2,Highest Priority,CUMMINSIND,BUY,94,5807.09,5523.9,6373.47,2.0,5478.0,-₹45.90 / -0.84%,+₹895.47 / +16.35%,Pending Trigger,,,,,9,Top 3 Swing scanner pick
2026-06-24,Swing,3,Highest Priority,IRCTC,SELL,92,518.66,533.47,489.05,2.0,509.95,+₹23.52 / +4.61%,+₹20.90 / +4.10%,Active After Trigger,,,,,9,Top 3 Swing scanner pick
2026-06-24,Intraday,1,Highest Priority,ADANIPORTS,SELL,94,1775.94,1796.74,1734.35,2.0,1870.9,-₹74.16 / -3.96%,+₹136.55 / +7.30%,Stop Hit First,Stop,2026-06-24,Loss,-1.0,9,Top 3 Intraday scanner pick
2026-06-24,Intraday,2,Highest Priority,BHEL,SELL,94,398.5,405.17,385.16,2.0,383.3,+₹21.87 / +5.71%,-₹1.86 / -0.49%,Stop Hit First,Stop,2026-06-29,Loss,-1.0,9,Top 3 Intraday scanner pick
2026-06-24,Intraday,3,Highest Priority,JINDALSTEL,SELL,94,1077.84,1090.49,1052.55,2.0,1059.3,+₹31.19 / +2.94%,+₹6.75 / +0.64%,Stop Hit First,Stop,2026-06-24,Loss,-1.0,9,Top 3 Intraday scanner pick
2026-06-23,Swing,2,Highest Priority,AMBUJACEM,SELL,94,413.17,437.12,365.27,2.0,438.2,-₹1.08 / -0.25%,+₹72.93 / +16.64%,Pending Trigger,,,,,10,Top 3 Swing scanner pick
2026-06-23,Swing,3,Highest Priority,LUPIN,BUY,94,2384.76,2237.34,2679.6,2.0,2470.3,+₹232.96 / +9.43%,+₹209.30 / +8.47%,Active After Trigger,,,,,10,Top 3 Swing scanner pick
2026-06-23,Intraday,1,Highest Priority,ADANIPORTS,SELL,94,1775.94,1796.74,1734.35,2.0,1879.5,-₹82.76 / -4.40%,+₹145.15 / +7.72%,Stop Hit First,Stop,2026-06-24,Loss,-1.0,10,Top 3 Intraday scanner pick
2026-06-23,Intraday,2,Highest Priority,BHEL,SELL,94,398.5,405.17,385.16,2.0,385.75,+₹19.42 / +5.03%,+₹0.59 / +0.15%,Stop Hit First,Stop,2026-06-24,Loss,-1.0,10,Top 3 Intraday scanner pick
2026-06-23,Intraday,3,Highest Priority,JINDALSTEL,SELL,94,1078.14,1090.48,1053.45,2.0,1071.0,+₹19.48 / +1.82%,+₹17.55 / +1.64%,Stop Hit First,Stop,2026-06-24,Loss,-1.0,10,Top 3 Intraday scanner pick
2026-06-23,Swing,2,Highest Priority,CUMMINSIND,BUY,94,5807.09,5523.9,6373.47,2.0,5578.5,+₹54.60 / +0.98%,+₹794.97 / +14.25%,Stop Hit First,Stop,2026-06-29,Loss,-1.0,9,Top 3 Swing scanner pick
2026-06-23,Swing,3,Highest Priority,IRCTC,SELL,92,518.66,533.47,489.05,2.0,506.2,+₹27.27 / +5.39%,+₹17.15 / +3.39%,Active After Trigger,,,,,9,Top 3 Swing scanner pick
2026-06-23,Swing,1,Highest Priority,ABBOTINDIA,SELL,94,25972.95,26832.53,24253.79,2.0,25725.0,+₹1107.53 / +4.31%,+₹1471.21 / +5.72%,Active After Trigger,,,,,9,Top 3 Swing scanner pick
2026-06-23,Swing,2,Highest Priority,ADANIENT,BUY,94,3058.0,2876.78,3420.46,2.0,3177.5,+₹300.72 / +9.46%,+₹242.96 / +7.65%,Active After Trigger,,,,,9,Top 3 Swing scanner pick
2026-06-23,Swing,3,Highest Priority,ADANIPORTS,BUY,94,1852.7,1773.08,2011.93,2.0,1883.2,+₹110.12 / +5.85%,+₹128.73 / +6.84%,Active After Trigger,,,,,9,Top 3 Swing scanner pick
2026-06-23,Intraday,1,Highest Priority,TORNTPHARM,BUY,94,4485.75,4438.51,4580.25,2.0,4661.4,+₹222.89 / +4.78%,-₹81.15 / -1.74%,Target Hit First,Target,2026-06-29,Win,2.0,9,Top 3 Intraday scanner pick
2026-06-23,Intraday,2,Highest Priority,VBL,SELL,94,510.13,515.19,500.0,2.0,509.9,+₹5.29 / +1.04%,+₹9.90 / +1.94%,Stop Hit First,Stop,2026-07-01,Loss,-1.0,9,Top 3 Intraday scanner pick
2026-06-22,Swing,2,Highest Priority,CUMMINSIND,BUY,94,5807.09,5523.9,6373.47,2.0,5585.0,+₹61.10 / +1.09%,+₹788.47 / +14.12%,Stop Hit First,Stop,2026-06-29,Loss,-1.0,10,Top 3 Swing scanner pick
2026-06-22,Swing,3,Highest Priority,IRCTC,SELL,92,518.66,533.47,489.05,2.0,504.7,+₹28.77 / +5.70%,+₹15.65 / +3.10%,Active After Trigger,,,,,10,Top 3 Swing scanner pick
2026-06-22,Intraday,1,Highest Priority,TORNTPHARM,BUY,94,4485.75,4438.51,4580.25,2.0,4664.0,+₹225.49 / +4.83%,-₹83.75 / -1.80%,Target Hit First,Target,2026-06-29,Win,2.0,10,Top 3 Intraday scanner pick
2026-06-22,Intraday,2,Highest Priority,VBL,SELL,94,510.13,515.19,500.0,2.0,509.9,+₹5.29 / +1.04%,+₹9.90 / +1.94%,Stop Hit First,Stop,2026-06-23,Loss,-1.0,10,Top 3 Intraday scanner pick
2026-06-22,Swing,1,Highest Priority,CUMMINSIND,BUY,94,5807.09,5526.75,6367.77,2.0,5636.5,+₹109.75 / +1.95%,+₹731.27 / +12.97%,Stop Hit First,Stop,2026-06-29,Loss,-1.0,10,Top 3 Swing scanner pick
2026-06-22,Swing,2,Highest Priority,PAGEIND,BUY,94,40520.88,37447.21,46668.21,2.0,43180.0,+₹5732.79 / +13.28%,+₹3488.21 / +8.08%,Active After Trigger,,,,,10,Top 3 Swing scanner pick
2026-06-22,Swing,3,Highest Priority,PFC,BUY,94,445.69,411.36,514.35,2.0,430.75,+₹19.39 / +4.50%,+₹83.60 / +19.41%,Pending Trigger,,,,,9,Top 3 Swing scanner pick
2026-06-22,Swing,1,Highest Priority,ABBOTINDIA,SELL,94,25972.95,26832.53,24253.79,2.0,25550.0,+₹1282.53 / +5.02%,+₹1296.21 / +5.07%,Active After Trigger,,,,,9,Top 3 Swing scanner pick
2026-06-22,Swing,2,Highest Priority,ADANIENT,BUY,94,3058.0,2876.78,3420.46,2.0,3143.6,+₹266.82 / +8.49%,+₹276.86 / +8.81%,Active After Trigger,,,,,9,Top 3 Swing scanner pick
2026-06-22,Swing,3,Highest Priority,ADANIPORTS,BUY,94,1852.7,1773.08,2011.93,2.0,1848.2,+₹75.12 / +4.06%,+₹163.73 / +8.86%,Active After Trigger,,,,,9,Top 3 Swing scanner pick
2026-06-22,Intraday,1,Highest Priority,BPCL,SELL,94,305.74,308.46,300.29,2.0,303.8,+₹4.66 / +1.53%,+₹3.51 / +1.16%,Ambiguous Entry Candle,Entry/exit same candle,2026-06-29,Ambiguous,,9,Top 3 Intraday scanner pick
2026-06-22,Intraday,2,Highest Priority,DLF,SELL,94,622.5,628.94,609.62,2.0,648.7,-₹19.76 / -3.05%,+₹39.08 / +6.02%,Target Hit First,Target,2026-06-24,Win,2.0,9,Top 3 Intraday scanner pick
2026-06-22,Intraday,3,Highest Priority,INDUSINDBK,BUY,94,950.9,938.49,975.72,2.0,936.75,-₹1.74 / -0.19%,+₹38.97 / +4.16%,Pending Trigger,,,,,9,Top 3 Intraday scanner pick
2026-06-21,Swing,1,Highest Priority,ABBOTINDIA,SELL,94,25972.95,26832.53,24253.79,2.0,25490.0,+₹1342.53 / +5.27%,+₹1236.21 / +4.85%,Active After Trigger,,,,,10,Top 3 Swing scanner pick
2026-06-21,Swing,2,Highest Priority,ADANIENT,BUY,94,3058.0,2876.78,3420.46,2.0,3137.5,+₹260.72 / +8.31%,+₹282.96 / +9.02%,Active After Trigger,,,,,10,Top 3 Swing scanner pick
2026-06-21,Swing,3,Highest Priority,ADANIPORTS,BUY,94,1852.7,1773.08,2011.93,2.0,1855.7,+₹82.62 / +4.45%,+₹156.23 / +8.42%,Active After Trigger,,,,,10,Top 3 Swing scanner pick
2026-06-21,Intraday,1,Highest Priority,BPCL,SELL,94,305.74,308.46,300.29,2.0,303.85,+₹4.61 / +1.52%,+₹3.56 / +1.17%,Ambiguous Entry Candle,Entry/exit same candle,2026-06-29,Ambiguous,,10,Top 3 Intraday scanner pick
2026-06-21,Intraday,2,Highest Priority,DLF,SELL,94,622.5,628.94,609.62,2.0,626.45,+₹2.49 / +0.40%,+₹16.83 / +2.69%,Target Hit First,Target,2026-06-24,Win,2.0,10,Top 3 Intraday scanner pick
2026-06-21,Intraday,3,Highest Priority,INDUSINDBK,BUY,94,950.9,938.49,975.72,2.0,933.65,-₹4.84 / -0.52%,+₹42.07 / +4.51%,Pending Trigger,,,,,10,Top 3 Intraday scanner pick
2026-06-20,Swing,2,Highest Priority,ADANIENT,BUY,94,3058.0,2876.78,3420.46,2.0,3096.1,+₹219.32 / +7.08%,+₹324.36 / +10.48%,Active After Trigger,,,,,11,Top 3 Swing scanner pick
2026-06-20,Swing,3,Highest Priority,ADANIPORTS,BUY,94,1852.7,1773.08,2011.93,2.0,1810.2,+₹37.12 / +2.05%,+₹201.73 / +11.14%,Pending Trigger,,,,,10,Top 3 Swing scanner pick
2026-06-20,Swing,1,Highest Priority,ABBOTINDIA,SELL,94,25952.99,26834.97,24189.03,2.0,25440.0,+₹1394.97 / +5.48%,+₹1250.97 / +4.92%,Active After Trigger,,,,,10,Top 3 Swing scanner pick
2026-06-20,Swing,2,Highest Priority,MPHASIS,BUY,94,2364.72,2225.29,2643.57,2.0,2161.6,-₹63.69 / -2.95%,+₹481.97 / +22.30%,Pending Trigger,,,,,10,Top 3 Swing scanner pick
2026-06-20,Swing,3,Highest Priority,PAGEIND,BUY,94,40430.7,37421.96,46448.19,2.0,41370.0,+₹3948.04 / +9.54%,+₹5078.19 / +12.28%,Active After Trigger,,,,,10,Top 3 Swing scanner pick
2026-06-20,Intraday,1,Highest Priority,BPCL,SELL,94,305.74,308.46,300.29,2.0,304.25,+₹4.21 / +1.38%,+₹3.96 / +1.30%,Ambiguous Entry Candle,Entry/exit same candle,2026-06-29,Ambiguous,,10,Top 3 Intraday scanner pick
2026-06-20,Intraday,2,Highest Priority,DLF,SELL,94,622.5,628.94,609.62,2.0,620.15,+₹8.79 / +1.42%,+₹10.53 / +1.70%,Target Hit First,Target,2026-06-24,Win,2.0,10,Top 3 Intraday scanner pick
2026-06-20,Intraday,3,Highest Priority,INDUSINDBK,BUY,94,950.9,938.49,975.72,2.0,924.0,-₹14.49 / -1.57%,+₹51.72 / +5.60%,Pending Trigger,,,,,10,Top 3 Intraday scanner pick
2026-06-19,Swing,2,Highest Priority,ADANIENT,BUY,94,3058.0,2876.78,3420.46,2.0,3036.0,+₹159.22 / +5.24%,+₹384.46 / +12.66%,Active After Trigger,,,,,11,Top 3 Swing scanner pick
2026-06-19,Swing,3,Highest Priority,ADANIPORTS,BUY,94,1852.7,1773.08,2011.93,2.0,1798.4,+₹25.32 / +1.41%,+₹213.53 / +11.87%,Pending Trigger,,,,,11,Top 3 Swing scanner pick
2026-06-19,Intraday,1,Highest Priority,BPCL,SELL,94,305.74,308.46,300.29,2.0,303.65,+₹4.81 / +1.58%,+₹3.36 / +1.11%,Stop Hit First,Stop,2026-06-22,Loss,-1.0,11,Top 3 Intraday scanner pick
2026-06-19,Intraday,2,Highest Priority,DLF,SELL,94,622.5,628.94,609.62,2.0,618.4,+₹10.54 / +1.70%,+₹8.78 / +1.42%,Stop Hit First,Stop,2026-06-22,Loss,-1.0,11,Top 3 Intraday scanner pick
2026-06-19,Intraday,3,Highest Priority,INDUSINDBK,BUY,94,950.9,938.49,975.72,2.0,929.55,-₹8.94 / -0.96%,+₹46.17 / +4.97%,Pending Trigger,,,,,11,Top 3 Intraday scanner pick
2026-06-19,Swing,1,Highest Priority,MUTHOOTFIN,SELL,94,3073.64,3226.52,2767.88,2.0,2992.7,+₹233.82 / +7.81%,+₹224.82 / +7.51%,Active After Trigger,,,,,11,Top 3 Swing scanner pick
2026-06-19,Swing,1,Highest Priority,ABBOTINDIA,SELL,94,25952.99,26834.97,24189.03,2.0,25295.0,+₹1539.97 / +6.09%,+₹1105.97 / +4.37%,Active After Trigger,,,,,11,Top 3 Swing scanner pick
2026-06-19,Swing,2,Highest Priority,MPHASIS,BUY,94,2364.72,2225.29,2643.57,2.0,2263.4,+₹38.11 / +1.68%,+₹380.17 / +16.80%,Pending Trigger,,,,,11,Top 3 Swing scanner pick
2026-06-19,Swing,3,Highest Priority,PAGEIND,BUY,94,40430.7,37421.96,46448.19,2.0,40950.0,+₹3528.04 / +8.62%,+₹5498.19 / +13.43%,Active After Trigger,,,,,11,Top 3 Swing scanner pick
2026-06-19,Swing,1,Highest Priority,AMBUJACEM,SELL,94,421.65,438.54,387.88,2.0,424.25,+₹14.29 / +3.37%,+₹36.37 / +8.57%,Active After Trigger,,,,,10,Top 3 Swing scanner pick
2026-06-19,Swing,2,Highest Priority,COLPAL,SELL,94,2023.94,2142.67,1786.48,2.0,1999.2,+₹143.47 / +7.18%,+₹212.72 / +10.64%,Active After Trigger,,,,,10,Top 3 Swing scanner pick
2026-06-19,Swing,3,Highest Priority,IRCTC,SELL,94,518.06,536.44,481.31,2.0,503.85,+₹32.59 / +6.47%,+₹22.54 / +4.47%,Active After Trigger,,,,,10,Top 3 Swing scanner pick
2026-06-18,Swing,3,Highest Priority,PAGEIND,BUY,94,40430.7,37421.96,46448.19,2.0,40405.0,+₹2983.04 / +7.38%,+₹6043.19 / +14.96%,Active After Trigger,,,,,11,Top 3 Swing scanner pick
2026-06-18,Swing,1,Highest Priority,MUTHOOTFIN,SELL,94,3129.93,3272.13,2845.52,2.0,3021.2,+₹250.93 / +8.31%,+₹175.68 / +5.81%,Active After Trigger,,,,,11,Top 3 Swing scanner pick
2026-06-18,Swing,2,Highest Priority,PERSISTENT,SELL,94,4886.21,5164.32,4329.99,2.0,4298.5,+₹865.82 / +20.14%,-₹31.49 / -0.73%,Target Hit First,Target,2026-06-29,Win,2.0,11,Top 3 Swing scanner pick
2026-06-18,Swing,3,Highest Priority,VBL,BUY,94,552.8,516.15,626.11,2.0,504.1,-₹12.05 / -2.39%,+₹122.01 / +24.20%,Pending Trigger,,,,,11,Top 3 Swing scanner pick
2026-06-18,Swing,1,Highest Priority,AMBUJACEM,SELL,94,421.65,438.54,387.88,2.0,424.25,+₹14.29 / +3.37%,+₹36.37 / +8.57%,Active After Trigger,,,,,11,Top 3 Swing scanner pick
2026-06-18,Swing,2,Highest Priority,COLPAL,SELL,94,2023.94,2142.67,1786.48,2.0,1999.2,+₹143.47 / +7.18%,+₹212.72 / +10.64%,Active After Trigger,,,,,11,Top 3 Swing scanner pick
2026-06-18,Swing,3,Highest Priority,IRCTC,SELL,94,518.06,536.44,481.31,2.0,509.85,+₹26.59 / +5.22%,+₹28.54 / +5.60%,Active After Trigger,,,,,11,Top 3 Swing scanner pick
2026-06-18,Swing,1,Highest Priority,ABBOTINDIA,SELL,94,25778.34,26840.93,23653.16,2.0,25600.0,+₹1240.93 / +4.85%,+₹1946.84 / +7.60%,Active After Trigger,,,,,11,Top 3 Swing scanner pick
2026-06-18,Swing,2,Highest Priority,MPHASIS,BUY,94,2353.7,2225.07,2610.95,2.0,2245.8,+₹20.73 / +0.92%,+₹365.15 / +16.26%,Stop Hit First,Stop,2026-06-19,Loss,-1.0,11,Top 3 Swing scanner pick
2026-06-18,Swing,3,Highest Priority,PFC,SELL,94,424.0,442.02,387.95,2.0,424.3,+₹17.72 / +4.18%,+₹36.35 / +8.57%,Stop Hit First,Stop,2026-06-22,Loss,-1.0,11,Top 3 Swing scanner pick
2026-06-18,Intraday,1,Highest Priority,CANBK,BUY,94,135.67,134.96,137.09,2.0,127.7,-₹7.26 / -5.69%,+₹9.39 / +7.35%,Stop Hit First,Stop,2026-06-18,Loss,-1.0,11,Top 3 Intraday scanner pick
2026-06-18,Intraday,2,Highest Priority,IRFC,BUY,94,100.82,98.83,104.8,2.0,91.73,-₹7.10 / -7.74%,+₹13.07 / +14.25%,Stop Hit First,Stop,2026-06-23,Loss,-1.0,11,Top 3 Intraday scanner pick
2026-06-18,Intraday,3,Highest Priority,VEDL,BUY,94,307.31,304.12,313.69,2.0,273.55,-₹30.57 / -11.18%,+₹40.14 / +14.67%,Stop Hit First,Stop,2026-06-18,Loss,-1.0,11,Top 3 Intraday scanner pick
2026-06-17,Swing,1,Highest Priority,ADANIPORTS,BUY,94,1836.67,1772.79,1964.41,2.0,1796.0,+₹23.21 / +1.29%,+₹168.41 / +9.38%,Active After Trigger,,,,,12,Top 3 Swing scanner pick
2026-06-17,Swing,2,Highest Priority,AMBUJACEM,SELL,94,421.65,438.54,387.88,2.0,423.75,+₹14.79 / +3.49%,+₹35.87 / +8.46%,Active After Trigger,,,,,12,Top 3 Swing scanner pick
2026-06-17,Swing,3,Highest Priority,COLPAL,SELL,94,2023.94,2142.67,1786.48,2.0,1993.0,+₹149.67 / +7.51%,+₹206.52 / +10.36%,Active After Trigger,,,,,11,Top 3 Swing scanner pick
2026-06-17,Intraday,1,Highest Priority,CANBK,BUY,94,135.67,134.96,137.09,2.0,129.26,-₹5.70 / -4.41%,+₹7.83 / +6.06%,Stop Hit First,Stop,2026-06-18,Loss,-1.0,11,Top 3 Intraday scanner pick
2026-06-17,Intraday,2,Highest Priority,IRFC,BUY,94,100.82,98.83,104.8,2.0,91.73,-₹7.10 / -7.74%,+₹13.07 / +14.25%,Stop Hit First,Stop,2026-06-23,Loss,-1.0,11,Top 3 Intraday scanner pick
2026-06-17,Intraday,3,Highest Priority,VEDL,BUY,94,307.31,304.12,313.69,2.0,273.55,-₹30.57 / -11.18%,+₹40.14 / +14.67%,Stop Hit First,Stop,2026-06-18,Loss,-1.0,11,Top 3 Intraday scanner pick
2026-06-17,Swing,1,Highest Priority,POLYCAB,BUY,94,10007.48,9325.0,11372.42,2.0,9531.0,+₹206.00 / +2.16%,+₹1841.42 / +19.32%,Active After Trigger,,,,,11,Top 3 Swing scanner pick
2026-06-17,Swing,1,Highest Priority,ABBOTINDIA,SELL,94,25778.34,26840.93,23653.16,2.0,25585.0,+₹1255.93 / +4.91%,+₹1931.84 / +7.55%,Active After Trigger,,,,,10,Top 3 Swing scanner pick
2026-06-17,Swing,2,Highest Priority,MPHASIS,BUY,94,2353.7,2225.07,2610.95,2.0,2263.4,+₹38.33 / +1.69%,+₹347.55 / +15.36%,Stop Hit First,Stop,2026-06-19,Loss,-1.0,10,Top 3 Swing scanner pick
2026-06-17,Swing,3,Highest Priority,PFC,SELL,94,424.0,442.02,387.95,2.0,432.65,+₹9.37 / +2.17%,+₹44.70 / +10.33%,Stop Hit First,Stop,2026-06-22,Loss,-1.0,10,Top 3 Swing scanner pick
2026-06-17,Swing,1,Highest Priority,BEL,SELL,94,405.19,417.96,379.65,2.0,407.2,+₹10.76 / +2.64%,+₹27.55 / +6.77%,Pending Trigger,,,,,10,Top 3 Swing scanner pick
2026-06-17,Swing,2,Highest Priority,COLPAL,SELL,94,2047.9,2142.42,1858.85,2.0,1993.0,+₹149.42 / +7.50%,+₹134.15 / +6.73%,Active After Trigger,,,,,10,Top 3 Swing scanner pick
2026-06-17,Swing,3,Highest Priority,IRCTC,SELL,94,515.97,536.56,474.77,2.0,514.1,+₹22.46 / +4.37%,+₹39.33 / +7.65%,Active After Trigger,,,,,9,Top 3 Swing scanner pick
2026-06-17,Intraday,1,Highest Priority,SAIL,SELL,94,179.95,181.59,176.67,2.0,170.29,+₹11.30 / +6.64%,-₹6.38 / -3.75%,Ambiguous Entry Candle,Entry/exit same candle,2026-06-17,Ambiguous,,9,Top 3 Intraday scanner pick
2026-06-16,Swing,2,Highest Priority,ADANIPORTS,BUY,94,1831.66,1769.32,1956.34,2.0,1796.0,+₹26.68 / +1.49%,+₹160.34 / +8.93%,Active After Trigger,,,,,10,Top 3 Swing scanner pick
2026-06-16,Swing,3,Highest Priority,MPHASIS,BUY,94,2353.7,2225.07,2610.95,2.0,2263.4,+₹38.33 / +1.69%,+₹347.55 / +15.36%,Stop Hit First,Stop,2026-06-19,Loss,-1.0,10,Top 3 Swing scanner pick
2026-06-16,Intraday,1,Highest Priority,SAIL,SELL,94,179.95,181.59,176.67,2.0,170.29,+₹11.30 / +6.64%,-₹6.38 / -3.75%,Ambiguous Entry Candle,Entry/exit same candle,2026-06-16,Ambiguous,,10,Top 3 Intraday scanner pick
2026-06-16,Swing,1,Highest Priority,MPHASIS,BUY,94,2353.7,2225.07,2610.95,2.0,2261.1,+₹36.03 / +1.59%,+₹349.85 / +15.47%,Stop Hit First,Stop,2026-06-19,Loss,-1.0,10,Top 3 Swing scanner pick
2026-06-16,Swing,2,Highest Priority,POLYCAB,BUY,94,9690.34,9327.24,10416.55,2.0,9692.5,+₹365.26 / +3.77%,+₹724.05 / +7.47%,Active After Trigger,,,,,10,Top 3 Swing scanner pick
2026-06-16,Swing,3,Highest Priority,SBILIFE,SELL,94,1761.97,1818.55,1648.81,2.0,1767.7,+₹50.85 / +2.88%,+₹118.89 / +6.73%,Stop Hit First,Stop,2026-06-22,Loss,-1.0,10,Top 3 Swing scanner pick
2026-06-16,Swing,1,Highest Priority,BEL,SELL,94,405.19,417.96,379.65,2.0,413.55,+₹4.41 / +1.07%,+₹33.90 / +8.20%,Pending Trigger,,,,,10,Top 3 Swing scanner pick
2026-06-16,Swing,2,Highest Priority,COLPAL,SELL,94,2047.9,2142.42,1858.85,2.0,1965.3,+₹177.12 / +9.01%,+₹106.45 / +5.42%,Active After Trigger,,,,,10,Top 3 Swing scanner pick
2026-06-16,Swing,3,Highest Priority,IRCTC,SELL,94,515.97,536.56,474.77,2.0,514.1,+₹22.46 / +4.37%,+₹39.33 / +7.65%,Active After Trigger,,,,,9,Top 3 Swing scanner pick
2026-06-16,Swing,1,Highest Priority,ABBOTINDIA,SELL,94,25908.08,27244.81,23234.61,2.0,25585.0,+₹1659.81 / +6.49%,+₹2350.39 / +9.19%,Active After Trigger,,,,,9,Top 3 Swing scanner pick
2026-06-16,Swing,2,Highest Priority,ADANIENT,BUY,94,2977.84,2843.71,3246.11,2.0,3038.0,+₹194.29 / +6.40%,+₹208.11 / +6.85%,Active After Trigger,,,,,9,Top 3 Swing scanner pick
2026-06-16,Swing,3,Highest Priority,ADANIPORTS,BUY,94,1821.64,1740.26,1984.39,2.0,1796.0,+₹55.74 / +3.10%,+₹188.39 / +10.49%,Active After Trigger,,,,,9,Top 3 Swing scanner pick
2026-06-16,Intraday,1,Highest Priority,CUMMINSIND,BUY,94,5774.02,5660.49,6001.1,2.0,5642.0,-₹18.49 / -0.33%,+₹359.10 / +6.36%,Stop Hit First,Stop,2026-06-24,Loss,-1.0,9,Top 3 Intraday scanner pick
2026-06-16,Intraday,2,Highest Priority,HAL,BUY,94,4303.69,4215.74,4479.6,2.0,4367.2,+₹151.46 / +3.47%,+₹112.40 / +2.57%,Target Hit First,Target,2026-06-17,Win,2.0,9,Top 3 Intraday scanner pick
2026-06-15,Swing,1,Highest Priority,BEL,SELL,94,405.19,417.96,379.65,2.0,411.45,+₹6.51 / +1.58%,+₹31.80 / +7.73%,Pending Trigger,,,,,10,Top 3 Swing scanner pick
2026-06-15,Swing,2,Highest Priority,COLPAL,SELL,94,2047.9,2142.42,1858.85,2.0,1993.0,+₹149.42 / +7.50%,+₹134.15 / +6.73%,Active After Trigger,,,,,10,Top 3 Swing scanner pick
2026-06-15,Swing,3,Highest Priority,IRCTC,SELL,94,515.97,536.56,474.77,2.0,514.3,+₹22.26 / +4.33%,+₹39.53 / +7.69%,Active After Trigger,,,,,10,Top 3 Swing scanner pick
2026-06-15,Intraday,1,Highest Priority,CUMMINSIND,BUY,94,5774.02,5660.49,6001.1,2.0,5689.5,+₹29.01 / +0.51%,+₹311.60 / +5.48%,Stop Hit First,Stop,2026-06-24,Loss,-1.0,10,Top 3 Intraday scanner pick
2026-06-15,Intraday,2,Highest Priority,HAL,BUY,94,4303.69,4215.74,4479.6,2.0,4366.8,+₹151.06 / +3.46%,+₹112.80 / +2.58%,Target Hit First,Target,2026-06-17,Win,2.0,10,Top 3 Intraday scanner pick
2026-06-15,Swing,1,Highest Priority,APLAPOLLO,SELL,94,1818.56,1894.4,1666.86,2.0,1842.0,+₹52.40 / +2.84%,+₹175.14 / +9.51%,Active After Trigger,,,,,10,Top 3 Swing scanner pick
2026-06-15,Swing,1,Highest Priority,ABBOTINDIA,SELL,94,25908.08,27244.81,23234.61,2.0,25570.0,+₹1674.81 / +6.55%,+₹2335.39 / +9.13%,Active After Trigger,,,,,10,Top 3 Swing scanner pick
2026-06-15,Swing,2,Highest Priority,ADANIENT,BUY,94,2977.84,2843.71,3246.11,2.0,3069.7,+₹225.99 / +7.36%,+₹176.41 / +5.75%,Active After Trigger,,,,,9,Top 3 Swing scanner pick
2026-06-15,Swing,3,Highest Priority,ADANIPORTS,BUY,94,1821.64,1740.26,1984.39,2.0,1813.3,+₹73.04 / +4.03%,+₹171.09 / +9.44%,Active After Trigger,,,,,9,Top 3 Swing scanner pick
2026-06-15,Intraday,1,Highest Priority,LICHSGFIN,BUY,94,561.17,548.9,585.7,2.0,550.55,+₹1.65 / +0.30%,+₹35.15 / +6.38%,Stop Hit First,Stop,2026-06-17,Loss,-1.0,9,Top 3 Intraday scanner pick
2026-06-14,Swing,1,Highest Priority,ABBOTINDIA,SELL,94,25908.08,27244.81,23234.61,2.0,25595.0,+₹1649.81 / +6.45%,+₹2360.39 / +9.22%,Active After Trigger,,,,,10,Top 3 Swing scanner pick
2026-06-14,Swing,2,Highest Priority,ADANIENT,BUY,94,2977.84,2843.71,3246.11,2.0,3069.7,+₹225.99 / +7.36%,+₹176.41 / +5.75%,Active After Trigger,,,,,10,Top 3 Swing scanner pick
2026-06-14,Swing,3,Highest Priority,ADANIPORTS,BUY,94,1821.64,1740.26,1984.39,2.0,1813.3,+₹73.04 / +4.03%,+₹171.09 / +9.44%,Active After Trigger,,,,,10,Top 3 Swing scanner pick
2026-06-14,Intraday,1,Highest Priority,LICHSGFIN,BUY,94,561.17,548.9,585.7,2.0,545.65,-₹3.25 / -0.60%,+₹40.05 / +7.34%,Stop Hit First,Stop,2026-06-17,Loss,-1.0,10,Top 3 Intraday scanner pick
2026-06-13,Swing,1,Highest Priority,ABBOTINDIA,SELL,94,25908.08,27244.81,23234.61,2.0,25540.0,+₹1704.81 / +6.68%,+₹2305.39 / +9.03%,Active After Trigger,,,,,11,Top 3 Swing scanner pick
2026-06-13,Swing,2,Highest Priority,ADANIENT,BUY,94,2977.84,2843.71,3246.11,2.0,3046.0,+₹202.29 / +6.64%,+₹200.11 / +6.57%,Active After Trigger,,,,,11,Top 3 Swing scanner pick
2026-06-13,Swing,3,Highest Priority,ADANIPORTS,BUY,94,1821.64,1740.26,1984.39,2.0,1801.6,+₹61.34 / +3.40%,+₹182.79 / +10.15%,Active After Trigger,,,,,11,Top 3 Swing scanner pick
2026-06-13,Swing,1,Highest Priority,PFC,SELL,94,411.68,442.01,351.0,2.0,437.4,+₹4.61 / +1.05%,+₹86.40 / +19.75%,Pending Trigger,,,,,11,Top 3 Swing scanner pick
2026-06-13,Swing,2,Highest Priority,POWERGRID,SELL,94,285.43,303.86,248.56,2.0,294.8,+₹9.06 / +3.07%,+₹46.24 / +15.69%,Active After Trigger,,,,,11,Top 3 Swing scanner pick
2026-06-13,Intraday,1,Highest Priority,LICHSGFIN,BUY,94,561.17,548.9,585.7,2.0,541.2,-₹7.70 / -1.42%,+₹44.50 / +8.22%,Stop Hit First,Stop,2026-06-17,Loss,-1.0,11,Top 3 Intraday scanner pick
2026-06-12,Swing,1,Highest Priority,ABBOTINDIA,SELL,94,25908.08,27244.81,23234.61,2.0,26065.0,+₹1179.81 / +4.53%,+₹2830.39 / +10.86%,Active After Trigger,,,,,12,Top 3 Swing scanner pick
2026-06-12,Swing,2,Highest Priority,M&M,SELL,94,2976.63,3092.34,2745.21,2.0,3063.4,+₹28.94 / +0.94%,+₹318.19 / +10.39%,Pending Trigger,,,,,12,Top 3 Swing scanner pick
2026-06-12,Swing,3,Highest Priority,PFC,SELL,94,413.37,442.04,356.04,2.0,430.9,+₹11.14 / +2.59%,+₹74.86 / +17.37%,Pending Trigger,,,,,11,Top 3 Swing scanner pick
2026-06-12,Intraday,1,Highest Priority,LICHSGFIN,BUY,94,562.27,548.91,589.0,2.0,541.2,-₹7.71 / -1.42%,+₹47.80 / +8.83%,Stop Hit First,Stop,2026-06-17,Loss,-1.0,11,Top 3 Intraday scanner pick
2026-06-12,Intraday,1,Highest Priority,APLAPOLLO,BUY,94,1793.98,1759.08,1863.79,2.0,1842.0,+₹82.92 / +4.50%,+₹21.79 / +1.18%,Stop Hit First,Stop,2026-06-12,Loss,-1.0,11,Top 3 Intraday scanner pick
2026-06-12,Swing,1,Highest Priority,DMART,SELL,94,4022.94,4247.8,3573.21,2.0,4392.9,-₹145.10 / -3.30%,+₹819.69 / +18.66%,Stop Hit First,Stop,2026-06-17,Loss,-1.0,11,Top 3 Swing scanner pick
2026-06-12,Swing,2,Highest Priority,HEROMOTOCO,SELL,94,4832.62,5154.71,4188.42,2.0,4974.6,+₹180.11 / +3.62%,+₹786.18 / +15.80%,Pending Trigger,,,,,11,Top 3 Swing scanner pick
2026-06-12,Swing,3,Highest Priority,IRFC,SELL,94,94.31,100.39,82.16,2.0,98.67,+₹1.72 / +1.74%,+₹16.51 / +16.73%,Stop Hit First,Stop,2026-06-17,Loss,-1.0,11,Top 3 Swing scanner pick
2026-06-12,Intraday,1,Highest Priority,ABBOTINDIA,SELL,94,25957.98,26421.64,25030.65,2.0,25790.0,+₹631.64 / +2.45%,+₹759.35 / +2.94%,Stop Hit First,Stop,2026-06-18,Loss,-1.0,11,Top 3 Intraday scanner pick
2026-06-12,Intraday,2,Highest Priority,ADANIPORTS,SELL,94,1781.13,1817.55,1708.29,2.0,1804.7,+₹12.85 / +0.71%,+₹96.41 / +5.34%,Stop Hit First,Stop,2026-06-12,Loss,-1.0,11,Top 3 Intraday scanner pick
2026-06-12,Intraday,3,Highest Priority,COLPAL,SELL,94,2022.95,2053.88,1961.07,2.0,1990.6,+₹63.28 / +3.18%,+₹29.53 / +1.48%,Active After Trigger,,,,,11,Top 3 Intraday scanner pick
2026-06-11,Swing,2,Highest Priority,POWERGRID,SELL,94,285.43,303.86,248.56,2.0,291.3,+₹12.56 / +4.31%,+₹42.74 / +14.67%,Active After Trigger,,,,,12,Top 3 Swing scanner pick
2026-06-11,Intraday,1,Highest Priority,ABBOTINDIA,SELL,94,25957.98,26421.64,25030.65,2.0,25790.0,+₹631.64 / +2.45%,+₹759.35 / +2.94%,Stop Hit First,Stop,2026-06-18,Loss,-1.0,12,Top 3 Intraday scanner pick
2026-06-11,Intraday,2,Highest Priority,ADANIPORTS,SELL,94,1781.13,1817.55,1708.29,2.0,1827.2,-₹9.65 / -0.53%,+₹118.91 / +6.51%,Stop Hit First,Stop,2026-06-12,Loss,-1.0,12,Top 3 Intraday scanner pick
2026-06-11,Intraday,3,Highest Priority,COLPAL,SELL,94,2022.95,2053.88,1961.07,2.0,1982.0,+₹71.88 / +3.63%,+₹20.93 / +1.06%,Stop Hit First,Stop,2026-06-12,Loss,-1.0,12,Top 3 Intraday scanner pick
2026-06-11,Swing,1,Highest Priority,PFC,SELL,94,411.68,442.01,351.0,2.0,440.95,+₹1.06 / +0.24%,+₹89.95 / +20.40%,Pending Trigger,,,,,11,Top 3 Swing scanner pick
2026-06-11,Intraday,1,Highest Priority,GODREJCP,SELL,94,1004.49,1022.0,969.47,2.0,1019.5,+₹2.50 / +0.25%,+₹50.03 / +4.91%,Active After Trigger,,,,,11,Top 3 Intraday scanner pick
2026-06-11,Swing,1,Highest Priority,DMART,SELL,94,4022.94,4247.8,3573.21,2.0,4330.6,-₹82.80 / -1.91%,+₹757.39 / +17.49%,Stop Hit First,Stop,2026-06-17,Loss,-1.0,11,Top 3 Swing scanner pick
2026-06-11,Swing,2,Highest Priority,HEROMOTOCO,SELL,94,4832.62,5154.71,4188.42,2.0,4983.7,+₹171.01 / +3.43%,+₹795.28 / +15.96%,Active After Trigger,,,,,11,Top 3 Swing scanner pick
2026-06-11,Swing,3,Highest Priority,IRFC,SELL,94,94.31,100.39,82.16,2.0,100.9,-₹0.51 / -0.51%,+₹18.74 / +18.57%,Stop Hit First,Stop,2026-06-17,Loss,-1.0,11,Top 3 Swing scanner pick
2026-06-11,Swing,1,Highest Priority,BEL,SELL,94,409.18,426.62,374.3,2.0,429.9,-₹3.28 / -0.76%,+₹55.60 / +12.93%,Stop Hit First,Stop,2026-06-18,Loss,-1.0,11,Top 3 Swing scanner pick
2026-06-11,Swing,2,Highest Priority,M&M,SELL,94,2968.05,3168.87,2566.42,2.0,3076.8,+₹92.07 / +2.99%,+₹510.38 / +16.59%,Active After Trigger,,,,,11,Top 3 Swing scanner pick
2026-06-11,Intraday,1,Highest Priority,TATACONSUM,SELL,94,1101.99,1119.24,1067.5,2.0,1111.7,+₹7.54 / +0.68%,+₹44.20 / +3.98%,Stop Hit First,Stop,2026-06-16,Loss,-1.0,11,Top 3 Intraday scanner pick
2026-06-10,Swing,1,Highest Priority,DMART,SELL,94,4022.94,4247.8,3573.21,2.0,4322.0,-₹74.20 / -1.72%,+₹748.79 / +17.33%,Stop Hit First,Stop,2026-06-17,Loss,-1.0,12,Top 3 Swing scanner pick
2026-06-10,Swing,2,Highest Priority,HEROMOTOCO,SELL,94,4832.62,5154.71,4188.42,2.0,4974.9,+₹179.81 / +3.61%,+₹786.48 / +15.81%,Active After Trigger,,,,,12,Top 3 Swing scanner pick
2026-06-10,Swing,3,Highest Priority,IRFC,SELL,94,94.31,100.39,82.16,2.0,99.51,+₹0.88 / +0.88%,+₹17.35 / +17.44%,Stop Hit First,Stop,2026-06-17,Loss,-1.0,12,Top 3 Swing scanner pick
2026-06-10,Intraday,1,Highest Priority,TATACONSUM,SELL,94,1101.99,1119.24,1067.5,2.0,1113.0,+₹6.24 / +0.56%,+₹45.50 / +4.09%,Ambiguous Entry Candle,Entry/exit same candle,2026-06-10,Ambiguous,,12,Top 3 Intraday scanner pick
2026-06-10,Swing,1,Highest Priority,IRFC,SELL,94,95.81,100.37,86.68,2.0,99.51,+₹0.86 / +0.86%,+₹12.83 / +12.89%,Stop Hit First,Stop,2026-06-17,Loss,-1.0,11,Top 3 Swing scanner pick
2026-06-10,Intraday,1,Highest Priority,MARICO,BUY,94,827.45,813.32,855.71,2.0,817.7,+₹4.38 / +0.54%,+₹38.01 / +4.65%,Stop Hit First,Stop,2026-06-11,Loss,-1.0,11,Top 3 Intraday scanner pick
2026-06-10,Intraday,2,Highest Priority,PAYTM,BUY,94,1091.78,1064.03,1147.29,2.0,1090.6,+₹26.57 / +2.44%,+₹56.69 / +5.20%,Stop Hit First,Stop,2026-06-10,Loss,-1.0,11,Top 3 Intraday scanner pick
2026-06-10,Swing,1,Highest Priority,BEL,SELL,94,409.18,426.62,374.3,2.0,426.9,-₹0.28 / -0.07%,+₹52.60 / +12.32%,Stop Hit First,Stop,2026-06-18,Loss,-1.0,11,Top 3 Swing scanner pick
2026-06-10,Swing,2,Highest Priority,M&M,SELL,94,2968.05,3168.87,2566.42,2.0,3074.8,+₹94.07 / +3.06%,+₹508.38 / +16.53%,Active After Trigger,,,,,11,Top 3 Swing scanner pick
2026-06-10,Swing,1,Highest Priority,MARUTI,SELL,94,12815.32,13541.59,11362.77,2.0,13395.0,+₹146.59 / +1.09%,+₹2032.23 / +15.17%,Pending Trigger,,,,,11,Top 3 Swing scanner pick
2026-06-10,Intraday,1,Highest Priority,CANBK,BUY,94,138.08,136.1,142.03,2.0,133.8,-₹2.30 / -1.72%,+₹8.23 / +6.15%,Stop Hit First,Stop,2026-06-10,Loss,-1.0,10,Top 3 Intraday scanner pick
2026-06-10,Intraday,2,Highest Priority,COFORGE,SELL,94,1406.48,1427.13,1365.18,2.0,1466.0,-₹38.87 / -2.65%,+₹100.82 / +6.88%,Stop Hit First,Stop,2026-06-10,Loss,-1.0,10,Top 3 Intraday scanner pick
2026-06-10,Intraday,3,Highest Priority,JINDALSTEL,SELL,94,1144.81,1162.66,1109.09,2.0,1137.7,+₹24.96 / +2.19%,+₹28.61 / +2.51%,Stop Hit First,Stop,2026-06-15,Loss,-1.0,10,Top 3 Intraday scanner pick
2026-06-09,Swing,2,Highest Priority,M&M,SELL,94,2968.05,3168.87,2566.42,2.0,3074.8,+₹94.07 / +3.06%,+₹508.38 / +16.53%,Active After Trigger,,,,,11,Top 3 Swing scanner pick
2026-06-09,Intraday,1,Highest Priority,CANBK,BUY,94,138.08,136.1,142.03,2.0,133.8,-₹2.30 / -1.72%,+₹8.23 / +6.15%,Stop Hit First,Stop,2026-06-10,Loss,-1.0,11,Top 3 Intraday scanner pick
2026-06-09,Intraday,2,Highest Priority,COFORGE,SELL,94,1406.48,1427.13,1365.18,2.0,1466.0,-₹38.87 / -2.65%,+₹100.82 / +6.88%,Stop Hit First,Stop,2026-06-10,Loss,-1.0,11,Top 3 Intraday scanner pick
2026-06-09,Intraday,3,Highest Priority,JINDALSTEL,SELL,94,1144.81,1162.66,1109.09,2.0,1137.7,+₹24.96 / +2.19%,+₹28.61 / +2.51%,Stop Hit First,Stop,2026-06-15,Loss,-1.0,11,Top 3 Intraday scanner pick
2026-06-09,Swing,1,Highest Priority,MARUTI,SELL,92,12825.3,13536.16,11403.57,2.0,13484.0,+₹52.16 / +0.39%,+₹2080.43 / +15.43%,Pending Trigger,,,,,11,Top 3 Swing scanner pick
2026-06-09,Swing,2,Highest Priority,TITAN,SELL,92,4084.81,4298.43,3657.59,2.0,4419.9,-₹121.47 / -2.75%,+₹762.31 / +17.25%,Stop Hit First,Stop,2026-06-16,Loss,-1.0,10,Top 3 Swing scanner pick
2026-06-09,Intraday,1,Highest Priority,JINDALSTEL,SELL,94,1146.7,1165.14,1109.83,2.0,1137.7,+₹27.44 / +2.41%,+₹27.87 / +2.45%,Target Hit First,Target,2026-06-11,Win,2.0,10,Top 3 Intraday scanner pick
2026-06-09,Intraday,2,Highest Priority,PERSISTENT,SELL,94,4958.06,5087.05,4700.1,2.0,4837.0,+₹250.05 / +5.17%,+₹136.90 / +2.83%,Stop Hit First,Stop,2026-06-17,Loss,-1.0,10,Top 3 Intraday scanner pick
2026-06-09,Intraday,1,Highest Priority,BPCL,SELL,94,285.63,289.81,277.27,2.0,306.6,-₹16.79 / -5.48%,+₹29.33 / +9.57%,Stop Hit First,Stop,2026-06-12,Loss,-1.0,10,Top 3 Intraday scanner pick
2026-06-09,Intraday,2,Highest Priority,JINDALSTEL,SELL,94,1153.19,1182.15,1095.26,2.0,1137.7,+₹44.45 / +3.91%,+₹42.44 / +3.73%,Active After Trigger,,,,,10,Top 3 Intraday scanner pick
2026-06-09,Intraday,3,Highest Priority,SBIN,BUY,94,991.98,978.29,1019.36,2.0,1035.6,+₹57.31 / +5.53%,-₹16.24 / -1.57%,Target Hit First,Target,2026-06-15,Win,2.0,10,Top 3 Intraday scanner pick
2026-06-09,Swing,1,Highest Priority,BEL,SELL,94,404.29,426.63,359.61,2.0,426.15,+₹0.48 / +0.11%,+₹66.54 / +15.61%,Stop Hit First,Stop,2026-06-18,Loss,-1.0,10,Top 3 Swing scanner pick
2026-06-09,Swing,2,Highest Priority,IRFC,SELL,94,95.61,101.32,84.18,2.0,99.43,+₹1.89 / +1.90%,+₹15.25 / +15.34%,Active After Trigger,,,,,10,Top 3 Swing scanner pick
2026-06-09,Swing,3,Highest Priority,RELIANCE,SELL,94,1285.42,1374.06,1108.14,2.0,1324.7,+₹49.36 / +3.73%,+₹216.56 / +16.35%,Active After Trigger,,,,,10,Top 3 Swing scanner pick
2026-06-09,Intraday,1,Highest Priority,CHOLAFIN,SELL,94,1447.1,1468.6,1404.1,2.0,1689.0,-₹220.40 / -13.05%,+₹284.90 / +16.87%,Pending Trigger,,,,,10,Top 3 Intraday scanner pick
2026-06-09,Intraday,2,Highest Priority,LICHSGFIN,SELL,94,536.42,551.13,507.01,2.0,552.15,-₹1.02 / -0.18%,+₹45.14 / +8.18%,Stop Hit First,Stop,2026-06-12,Loss,-1.0,10,Top 3 Intraday scanner pick
2026-06-08,Intraday,1,Highest Priority,CHOLAFIN,SELL,94,1447.1,1468.6,1404.1,2.0,1691.6,-₹223.00 / -13.18%,+₹287.50 / +17.00%,Pending Trigger,,,,,11,Top 3 Intraday scanner pick
2026-06-08,Intraday,2,Highest Priority,LICHSGFIN,SELL,94,536.42,551.13,507.01,2.0,550.1,+₹1.03 / +0.19%,+₹43.09 / +7.83%,Stop Hit First,Stop,2026-06-12,Loss,-1.0,11,Top 3 Intraday scanner pick
2026-06-08,Swing,1,Highest Priority,MARUTI,SELL,94,12815.32,13541.59,11362.77,2.0,13630.0,-₹88.41 / -0.65%,+₹2267.23 / +16.63%,Pending Trigger,,,,,11,Top 3 Swing scanner pick
2026-06-08,Intraday,1,Highest Priority,LICHSGFIN,SELL,94,536.42,551.13,507.01,2.0,550.1,+₹1.03 / +0.19%,+₹43.09 / +7.83%,Stop Hit First,Stop,2026-06-12,Loss,-1.0,11,Top 3 Intraday scanner pick
2026-06-08,Intraday,1,Highest Priority,TCS,SELL,94,2158.08,2208.1,2058.03,2.0,2203.0,+₹5.10 / +0.23%,+₹144.97 / +6.58%,Stop Hit First,Stop,2026-06-16,Loss,-1.0,10,Top 3 Intraday scanner pick
2026-06-08,Swing,1,Highest Priority,BEL,SELL,94,404.29,426.63,359.61,2.0,428.6,-₹1.97 / -0.46%,+₹68.99 / +16.10%,Stop Hit First,Stop,2026-06-18,Loss,-1.0,10,Top 3 Swing scanner pick
2026-06-08,Swing,2,Highest Priority,IRFC,SELL,94,95.61,101.32,84.18,2.0,100.13,+₹1.19 / +1.19%,+₹15.95 / +15.93%,Active After Trigger,,,,,10,Top 3 Swing scanner pick
2026-06-08,Swing,3,Highest Priority,RELIANCE,SELL,94,1285.42,1374.06,1108.14,2.0,1329.9,+₹44.16 / +3.32%,+₹221.76 / +16.67%,Active After Trigger,,,,,10,Top 3 Swing scanner pick
2026-06-08,Intraday,1,Highest Priority,ADANIENT,BUY,94,3057.0,2977.41,3216.19,2.0,2955.0,-₹22.41 / -0.76%,+₹261.19 / +8.84%,Pending Trigger,,,,,10,Top 3 Intraday scanner pick
2026-06-08,Intraday,2,Highest Priority,AXISBANK,BUY,94,1278.35,1260.51,1314.03,2.0,1351.5,+₹90.99 / +6.73%,-₹37.47 / -2.77%,Target Hit First,Target,2026-06-10,Win,2.0,10,Top 3 Intraday scanner pick
2026-06-08,Intraday,3,Highest Priority,BHEL,SELL,94,385.23,392.45,370.78,2.0,392.15,+₹0.30 / +0.08%,+₹21.37 / +5.45%,Stop Hit First,Stop,2026-06-09,Loss,-1.0,10,Top 3 Intraday scanner pick
2026-06-07,Swing,1,Highest Priority,BEL,SELL,94,404.29,426.63,359.61,2.0,407.55,+₹19.08 / +4.68%,+₹47.94 / +11.76%,Active After Trigger,,,,,11,Top 3 Swing scanner pick
2026-06-07,Swing,2,Highest Priority,IRFC,SELL,94,95.61,101.32,84.18,2.0,97.63,+₹3.69 / +3.78%,+₹13.45 / +13.78%,Active After Trigger,,,,,11,Top 3 Swing scanner pick
2026-06-07,Swing,3,Highest Priority,RELIANCE,SELL,94,1285.42,1374.06,1108.14,2.0,1328.8,+₹45.26 / +3.41%,+₹220.66 / +16.61%,Active After Trigger,,,,,11,Top 3 Swing scanner pick
2026-06-07,Intraday,1,Highest Priority,ADANIENT,BUY,94,3057.0,2977.41,3216.19,2.0,2955.0,-₹22.41 / -0.76%,+₹261.19 / +8.84%,Pending Trigger,,,,,10,Top 3 Intraday scanner pick
2026-06-07,Intraday,2,Highest Priority,AXISBANK,BUY,94,1278.35,1260.51,1314.03,2.0,1351.5,+₹90.99 / +6.73%,-₹37.47 / -2.77%,Target Hit First,Target,2026-06-10,Win,2.0,10,Top 3 Intraday scanner pick
2026-06-07,Intraday,3,Highest Priority,BHEL,SELL,94,385.23,392.45,370.78,2.0,392.15,+₹0.30 / +0.08%,+₹21.37 / +5.45%,Stop Hit First,Stop,2026-06-09,Loss,-1.0,10,Top 3 Intraday scanner pick
2026-06-06,Swing,1,Highest Priority,BEL,SELL,94,404.29,426.63,359.61,2.0,419.85,+₹6.78 / +1.61%,+₹60.24 / +14.35%,Active After Trigger,,,,,11,Top 3 Swing scanner pick
2026-06-06,Swing,2,Highest Priority,IRFC,SELL,94,95.61,101.32,84.18,2.0,100.44,+₹0.88 / +0.88%,+₹16.26 / +16.19%,Active After Trigger,,,,,11,Top 3 Swing scanner pick
2026-06-06,Swing,3,Highest Priority,RELIANCE,SELL,94,1285.42,1374.06,1108.14,2.0,1332.7,+₹41.36 / +3.10%,+₹224.56 / +16.85%,Active After Trigger,,,,,11,Top 3 Swing scanner pick
2026-06-06,Swing,1,Highest Priority,BAJAJFINSV,SELL,94,1702.09,1822.07,1462.13,2.0,1755.5,+₹66.57 / +3.79%,+₹293.37 / +16.71%,Active After Trigger,,,,,11,Top 3 Swing scanner pick
2026-06-06,Swing,2,Highest Priority,DLF,SELL,94,572.0,609.81,496.38,2.0,619.5,-₹9.69 / -1.56%,+₹123.12 / +19.87%,Stop Hit First,Stop,2026-06-15,Loss,-1.0,11,Top 3 Swing scanner pick
2026-06-06,Swing,3,Highest Priority,DMART,SELL,94,4119.74,4264.58,3830.06,2.0,4224.9,+₹39.68 / +0.94%,+₹394.84 / +9.35%,Active After Trigger,,,,,11,Top 3 Swing scanner pick
2026-06-06,Intraday,1,Highest Priority,ADANIENT,BUY,94,3057.0,2977.41,3216.19,2.0,2949.0,-₹28.41 / -0.96%,+₹267.19 / +9.06%,Pending Trigger,,,,,11,Top 3 Intraday scanner pick
2026-06-06,Intraday,2,Highest Priority,AXISBANK,BUY,94,1278.35,1260.51,1314.03,2.0,1356.8,+₹96.29 / +7.10%,-₹42.77 / -3.15%,Target Hit First,Target,2026-06-10,Win,2.0,11,Top 3 Intraday scanner pick
2026-06-06,Intraday,3,Highest Priority,BHEL,SELL,94,385.23,392.45,370.78,2.0,383.6,+₹8.85 / +2.31%,+₹12.82 / +3.34%,Stop Hit First,Stop,2026-06-09,Loss,-1.0,11,Top 3 Intraday scanner pick
2026-06-05,Swing,1,Highest Priority,BEL,SELL,94,404.29,426.63,359.61,2.0,407.55,+₹19.08 / +4.68%,+₹47.94 / +11.76%,Active After Trigger,,,,,12,Top 3 Swing scanner pick
2026-06-05,Swing,2,Highest Priority,IRFC,SELL,94,95.61,101.32,84.18,2.0,97.08,+₹4.24 / +4.37%,+₹12.90 / +13.29%,Active After Trigger,,,,,12,Top 3 Swing scanner pick
2026-06-05,Swing,3,Highest Priority,RELIANCE,SELL,94,1285.42,1374.06,1108.14,2.0,1307.0,+₹67.06 / +5.13%,+₹198.86 / +15.21%,Active After Trigger,,,,,12,Top 3 Swing scanner pick
2026-06-05,Intraday,1,Highest Priority,ADANIENT,BUY,94,3057.0,2977.41,3216.19,2.0,2943.6,-₹33.81 / -1.15%,+₹272.59 / +9.26%,Stop Hit First,Stop,2026-06-08,Loss,-1.0,12,Top 3 Intraday scanner pick
2026-06-05,Intraday,2,Highest Priority,AXISBANK,BUY,94,1278.35,1260.51,1314.03,2.0,1363.4,+₹102.89 / +7.55%,-₹49.37 / -3.62%,Target Hit First,Target,2026-06-10,Win,2.0,11,Top 3 Intraday scanner pick
2026-06-05,Intraday,3,Highest Priority,BHEL,SELL,94,385.23,392.45,370.78,2.0,384.2,+₹8.25 / +2.15%,+₹13.42 / +3.49%,Stop Hit First,Stop,2026-06-05,Loss,-1.0,11,Top 3 Intraday scanner pick
2026-06-05,Swing,1,Highest Priority,BAJAJFINSV,SELL,94,1702.09,1822.07,1462.13,2.0,1787.3,+₹34.77 / +1.95%,+₹325.17 / +18.19%,Active After Trigger,,,,,11,Top 3 Swing scanner pick
2026-06-05,Swing,2,Highest Priority,DMART,SELL,94,4119.74,4264.58,3830.06,2.0,4201.3,+₹63.28 / +1.51%,+₹371.24 / +8.84%,Active After Trigger,,,,,11,Top 3 Swing scanner pick
2026-06-05,Swing,3,Highest Priority,HEROMOTOCO,SELL,94,4840.7,5154.89,4212.32,2.0,5022.9,+₹131.99 / +2.63%,+₹810.58 / +16.14%,Active After Trigger,,,,,11,Top 3 Swing scanner pick
2026-06-05,Swing,1,Highest Priority,MARUTI,SELL,94,12885.18,13542.83,11569.87,2.0,13703.0,-₹160.17 / -1.17%,+₹2133.13 / +15.57%,Stop Hit First,Stop,2026-06-15,Loss,-1.0,11,Top 3 Swing scanner pick
2026-06-05,Swing,2,Highest Priority,RELIANCE,SELL,94,1298.4,1374.21,1146.77,2.0,1331.0,+₹43.21 / +3.25%,+₹184.23 / +13.84%,Active After Trigger,,,,,11,Top 3 Swing scanner pick
2026-06-05,Intraday,1,Highest Priority,CANBK,BUY,94,133.49,131.86,136.74,2.0,132.2,+₹0.34 / +0.26%,+₹4.54 / +3.43%,Stop Hit First,Stop,2026-06-08,Loss,-1.0,11,Top 3 Intraday scanner pick
2026-06-05,Intraday,2,Highest Priority,CHOLAFIN,BUY,94,1488.97,1473.36,1520.19,2.0,1653.6,+₹180.24 / +10.90%,-₹133.41 / -8.07%,Target Hit First,Target,2026-06-05,Win,2.0,11,Top 3 Intraday scanner pick
2026-06-05,Intraday,3,Highest Priority,DIXON,BUY,94,11529.01,11438.99,11709.05,2.0,11957.0,+₹518.01 / +4.33%,-₹247.95 / -2.07%,Stop Hit First,Stop,2026-06-05,Loss,-1.0,11,Top 3 Intraday scanner pick
2026-06-04,Swing,1,Highest Priority,BAJAJFINSV,SELL,94,1702.09,1822.07,1462.13,2.0,1689.1,+₹132.97 / +7.87%,+₹226.97 / +13.44%,Active After Trigger,,,,,12,Top 3 Swing scanner pick
2026-06-04,Swing,2,Highest Priority,DMART,SELL,94,4119.74,4264.58,3830.06,2.0,3993.6,+₹270.98 / +6.79%,+₹163.54 / +4.10%,Active After Trigger,,,,,12,Top 3 Swing scanner pick
2026-06-04,Swing,3,Highest Priority,HEROMOTOCO,SELL,94,4840.7,5154.89,4212.32,2.0,4962.6,+₹192.29 / +3.87%,+₹750.28 / +15.12%,Active After Trigger,,,,,12,Top 3 Swing scanner pick
2026-06-04,Intraday,1,Highest Priority,CANBK,BUY,94,133.49,131.86,136.74,2.0,132.2,+₹0.34 / +0.26%,+₹4.54 / +3.43%,Stop Hit First,Stop,2026-06-08,Loss,-1.0,11,Top 3 Intraday scanner pick
2026-06-04,Intraday,2,Highest Priority,CHOLAFIN,BUY,94,1488.97,1473.36,1520.19,2.0,1653.6,+₹180.24 / +10.90%,-₹133.41 / -8.07%,Target Hit First,Target,2026-06-05,Win,2.0,11,Top 3 Intraday scanner pick
2026-06-04,Intraday,3,Highest Priority,DIXON,BUY,94,11529.01,11438.99,11709.05,2.0,11957.0,+₹518.01 / +4.33%,-₹247.95 / -2.07%,Stop Hit First,Stop,2026-06-05,Loss,-1.0,11,Top 3 Intraday scanner pick
2026-06-04,Swing,1,Highest Priority,DLF,SELL,94,572.0,609.5,497.02,2.0,614.45,-₹4.95 / -0.81%,+₹117.43 / +19.11%,Stop Hit First,Stop,2026-06-15,Loss,-1.0,11,Top 3 Swing scanner pick
2026-06-04,Swing,2,Highest Priority,HEROMOTOCO,SELL,94,4840.7,5152.41,4217.28,2.0,5024.0,+₹128.41 / +2.56%,+₹806.72 / +16.06%,Active After Trigger,,,,,11,Top 3 Swing scanner pick
2026-06-04,Swing,3,Highest Priority,RECLTD,SELL,94,324.45,345.76,281.83,2.0,353.7,-₹7.94 / -2.24%,+₹71.87 / +20.32%,Pending Trigger,,,,,11,Top 3 Swing scanner pick
2026-06-04,Intraday,1,Highest Priority,APLAPOLLO,BUY,94,1821.64,1797.01,1870.89,2.0,1826.1,+₹29.09 / +1.59%,+₹44.79 / +2.45%,Stop Hit First,Stop,2026-06-08,Loss,-1.0,11,Top 3 Intraday scanner pick
2026-06-04,Intraday,2,Highest Priority,LICHSGFIN,BUY,94,545.29,538.06,559.75,2.0,567.35,+₹29.29 / +5.16%,-₹7.60 / -1.34%,Stop Hit First,Stop,2026-06-08,Loss,-1.0,11,Top 3 Intraday scanner pick
2026-06-04,Swing,1,Highest Priority,MARUTI,SELL,94,12885.18,13542.83,11569.87,2.0,13906.0,-₹363.17 / -2.61%,+₹2336.13 / +16.80%,Stop Hit First,Stop,2026-06-15,Loss,-1.0,11,Top 3 Swing scanner pick
2026-06-04,Swing,1,Highest Priority,ICICIBANK,SELL,94,1218.26,1304.66,1045.45,2.0,1345.7,-₹41.04 / -3.05%,+₹300.25 / +22.31%,Pending Trigger,,,,,11,Top 3 Swing scanner pick
2026-06-04,Swing,2,Highest Priority,RELIANCE,SELL,94,1297.7,1374.19,1144.73,2.0,1293.0,+₹81.19 / +6.28%,+₹148.27 / +11.47%,Active After Trigger,,,,,11,Top 3 Swing scanner pick
2026-06-04,Swing,3,Highest Priority,SBIN,SELL,94,938.02,981.05,851.96,2.0,1017.15,-₹36.10 / -3.55%,+₹165.19 / +16.24%,Pending Trigger,,,,,10,Top 3 Swing scanner pick
2026-06-04,Intraday,1,Highest Priority,AMBUJACEM,SELL,94,425.3,432.74,410.42,2.0,423.1,+₹9.64 / +2.28%,+₹12.68 / +3.00%,Target Hit First,Target,2026-06-10,Win,2.0,10,Top 3 Intraday scanner pick
2026-06-04,Intraday,2,Highest Priority,BOSCHLTD,BUY,94,37885.62,37289.25,39078.36,2.0,39060.0,+₹1770.75 / +4.53%,+₹18.36 / +0.05%,Stop Hit First,Stop,2026-06-04,Loss,-1.0,10,Top 3 Intraday scanner pick
2026-06-04,Intraday,3,Highest Priority,COFORGE,SELL,94,1414.17,1437.21,1368.08,2.0,1367.2,+₹70.01 / +5.12%,-₹0.88 / -0.06%,Stop Hit First,Stop,2026-06-04,Loss,-1.0,10,Top 3 Intraday scanner pick
2026-06-03,Swing,1,Highest Priority,MARUTI,SELL,94,12885.18,13542.83,11569.87,2.0,13366.0,+₹176.83 / +1.32%,+₹1796.13 / +13.44%,Active After Trigger,,,,,10,Top 3 Swing scanner pick
2026-06-03,Intraday,1,Highest Priority,AMBUJACEM,SELL,94,425.3,432.74,410.42,2.0,423.1,+₹9.64 / +2.28%,+₹12.68 / +3.00%,Target Hit First,Target,2026-06-10,Win,2.0,10,Top 3 Intraday scanner pick
2026-06-03,Intraday,2,Highest Priority,BOSCHLTD,BUY,94,37885.62,37289.25,39078.36,2.0,39060.0,+₹1770.75 / +4.53%,+₹18.36 / +0.05%,Stop Hit First,Stop,2026-06-04,Loss,-1.0,10,Top 3 Intraday scanner pick
2026-06-03,Intraday,3,Highest Priority,COFORGE,SELL,94,1414.17,1437.21,1368.08,2.0,1367.2,+₹70.01 / +5.12%,-₹0.88 / -0.06%,Stop Hit First,Stop,2026-06-04,Loss,-1.0,10,Top 3 Intraday scanner pick
2026-06-03,Swing,1,Highest Priority,ICICIBANK,SELL,94,1218.26,1304.66,1045.45,2.0,1317.0,-₹12.34 / -0.94%,+₹271.55 / +20.62%,Stop Hit First,Stop,2026-06-10,Loss,-1.0,10,Top 3 Swing scanner pick
2026-06-03,Swing,2,Highest Priority,RELIANCE,SELL,94,1297.7,1374.19,1144.73,2.0,1263.0,+₹111.19 / +8.80%,+₹118.27 / +9.36%,Active After Trigger,,,,,10,Top 3 Swing scanner pick
2026-06-03,Swing,3,Highest Priority,SBIN,SELL,94,938.02,981.05,851.96,2.0,1000.7,-₹19.65 / -1.96%,+₹148.74 / +14.86%,Stop Hit First,Stop,2026-06-04,Loss,-1.0,10,Top 3 Swing scanner pick
2026-06-03,Swing,1,Highest Priority,BEL,SELL,94,403.94,432.16,347.49,2.0,406.5,+₹25.66 / +6.31%,+₹59.01 / +14.52%,Active After Trigger,,,,,9,Top 3 Swing scanner pick
2026-06-03,Swing,2,Highest Priority,GODREJCP,SELL,94,1004.29,1056.76,899.35,2.0,1033.3,+₹23.46 / +2.27%,+₹133.95 / +12.96%,Active After Trigger,,,,,9,Top 3 Swing scanner pick
2026-06-03,Swing,3,Highest Priority,HDFCBANK,SELL,94,737.72,792.9,627.37,2.0,772.45,+₹20.45 / +2.65%,+₹145.08 / +18.78%,Active After Trigger,,,,,9,Top 3 Swing scanner pick
2026-06-03,Intraday,1,Highest Priority,TCS,BUY,94,2459.21,2430.23,2517.17,2.0,2152.5,-₹277.73 / -12.90%,+₹364.67 / +16.94%,Pending Trigger,,,,,9,Top 3 Intraday scanner pick
2026-06-03,Intraday,2,Highest Priority,VBL,BUY,94,539.08,531.0,555.23,2.0,520.95,-₹10.05 / -1.93%,+₹34.28 / +6.58%,Stop Hit First,Stop,2026-06-03,Loss,-1.0,9,Top 3 Intraday scanner pick
2026-06-02,Swing,2,Highest Priority,SBIN,SELL,94,938.02,981.05,851.96,2.0,1012.9,-₹31.85 / -3.14%,+₹160.94 / +15.89%,Stop Hit First,Stop,2026-06-04,Loss,-1.0,10,Top 3 Swing scanner pick
2026-06-02,Intraday,1,Highest Priority,TCS,BUY,94,2459.21,2430.23,2517.17,2.0,2152.5,-₹277.73 / -12.90%,+₹364.67 / +16.94%,Pending Trigger,,,,,10,Top 3 Intraday scanner pick
2026-06-02,Intraday,2,Highest Priority,VBL,BUY,94,539.08,531.0,555.23,2.0,520.0,-₹11.00 / -2.12%,+₹35.23 / +6.78%,Stop Hit First,Stop,2026-06-03,Loss,-1.0,10,Top 3 Intraday scanner pick
2026-06-02,Swing,1,Highest Priority,RELIANCE,SELL,94,1297.7,1374.19,1144.73,2.0,1263.0,+₹111.19 / +8.80%,+₹118.27 / +9.36%,Active After Trigger,,,,,9,Top 3 Swing scanner pick
2026-06-02,Intraday,1,Highest Priority,ABBOTINDIA,SELL,94,26471.95,26992.71,25430.42,2.0,26010.0,+₹982.71 / +3.78%,+₹579.58 / +2.23%,Active After Trigger,,,,,9,Top 3 Intraday scanner pick
2026-06-02,Swing,1,Highest Priority,BEL,SELL,94,409.08,432.16,362.92,2.0,402.3,+₹29.86 / +7.42%,+₹39.38 / +9.79%,Active After Trigger,,,,,9,Top 3 Swing scanner pick
2026-06-02,Swing,2,Highest Priority,GODREJCP,SELL,94,1022.05,1061.05,944.06,2.0,1008.9,+₹52.15 / +5.17%,+₹64.84 / +6.43%,Active After Trigger,,,,,9,Top 3 Swing scanner pick
2026-06-02,Swing,3,Highest Priority,SBIN,SELL,94,958.38,988.21,898.72,2.0,1000.7,-₹12.49 / -1.25%,+₹101.98 / +10.19%,Stop Hit First,Stop,2026-06-05,Loss,-1.0,9,Top 3 Swing scanner pick
2026-06-02,Intraday,1,Highest Priority,DRREDDY,SELL,94,1282.83,1294.89,1258.7,2.0,1276.0,+₹18.89 / +1.48%,+₹17.30 / +1.36%,Target Hit First,Target,2026-06-03,Win,2.0,9,Top 3 Intraday scanner pick
2026-06-02,Intraday,2,Highest Priority,INDIGO,SELL,94,4439.1,4511.7,4293.92,2.0,4506.5,+₹5.20 / +0.12%,+₹212.58 / +4.72%,Stop Hit First,Stop,2026-06-03,Loss,-1.0,9,Top 3 Intraday scanner pick
2026-06-02,Intraday,3,Highest Priority,MARUTI,SELL,94,12887.17,13084.95,12491.62,2.0,13098.0,-₹13.05 / -0.10%,+₹606.38 / +4.63%,Stop Hit First,Stop,2026-06-03,Loss,-1.0,9,Top 3 Intraday scanner pick
2026-06-01,Swing,3,Highest Priority,HDFCBANK,SELL,94,737.72,792.9,627.37,2.0,745.35,+₹47.55 / +6.38%,+₹117.98 / +15.83%,Active After Trigger,,,,,10,Top 3 Swing scanner pick
2026-06-01,Intraday,1,Highest Priority,DRREDDY,SELL,94,1282.83,1294.89,1258.7,2.0,1277.5,+₹17.39 / +1.36%,+₹18.80 / +1.47%,Target Hit First,Target,2026-06-03,Win,2.0,10,Top 3 Intraday scanner pick
2026-06-01,Intraday,2,Highest Priority,INDIGO,SELL,94,4439.1,4511.7,4293.92,2.0,4524.9,-₹13.20 / -0.29%,+₹230.98 / +5.10%,Stop Hit First,Stop,2026-06-03,Loss,-1.0,10,Top 3 Intraday scanner pick
2026-06-01,Intraday,3,Highest Priority,MARUTI,SELL,94,12887.17,13084.95,12491.62,2.0,13096.0,-₹11.05 / -0.08%,+₹604.38 / +4.61%,Stop Hit First,Stop,2026-06-03,Loss,-1.0,10,Top 3 Intraday scanner pick
2026-06-01,Swing,2,Highest Priority,TCS,SELL,94,2275.44,2351.32,2123.68,2.0,2151.0,+₹200.32 / +9.31%,+₹27.32 / +1.27%,Ambiguous Entry Candle,Entry/exit same candle,2026-06-03,Ambiguous,,10,Top 3 Swing scanner pick
2026-06-01,Swing,3,Highest Priority,M&M,SELL,92,2976.53,3181.99,2565.62,2.0,2990.1,+₹191.89 / +6.42%,+₹424.48 / +14.20%,Active After Trigger,,,,,10,Top 3 Swing scanner pick
2026-06-01,Swing,1,Highest Priority,BEL,SELL,94,409.08,432.16,362.92,2.0,412.05,+₹20.11 / +4.88%,+₹49.13 / +11.92%,Active After Trigger,,,,,10,Top 3 Swing scanner pick
2026-06-01,Swing,2,Highest Priority,GODREJCP,SELL,94,1022.05,1061.05,944.06,2.0,1027.6,+₹33.45 / +3.26%,+₹83.54 / +8.13%,Active After Trigger,,,,,9,Top 3 Swing scanner pick
2026-06-01,Swing,3,Highest Priority,SBIN,SELL,94,958.38,988.21,898.72,2.0,1003.25,-₹15.04 / -1.50%,+₹104.53 / +10.42%,Stop Hit First,Stop,2026-06-05,Loss,-1.0,9,Top 3 Swing scanner pick
2026-05-31,Swing,1,Highest Priority,BEL,SELL,94,409.08,432.16,362.92,2.0,408.35,+₹23.81 / +5.83%,+₹45.43 / +11.13%,Active After Trigger,,,,,10,Top 3 Swing scanner pick
2026-05-31,Swing,2,Highest Priority,GODREJCP,SELL,94,1022.05,1061.05,944.06,2.0,1027.1,+₹33.95 / +3.31%,+₹83.04 / +8.08%,Active After Trigger,,,,,10,Top 3 Swing scanner pick
2026-05-31,Swing,3,Highest Priority,SBIN,SELL,94,958.38,988.21,898.72,2.0,1008.95,-₹20.74 / -2.06%,+₹110.23 / +10.93%,Stop Hit First,Stop,2026-06-05,Loss,-1.0,10,Top 3 Swing scanner pick
2026-05-30,Swing,2,Highest Priority,GODREJCP,SELL,94,1022.05,1061.05,944.06,2.0,1027.1,+₹33.95 / +3.31%,+₹83.04 / +8.08%,Active After Trigger,,,,,11,Top 3 Swing scanner pick
2026-05-30,Swing,3,Highest Priority,SBIN,SELL,94,958.38,988.21,898.72,2.0,1008.95,-₹20.74 / -2.06%,+₹110.23 / +10.93%,Stop Hit First,Stop,2026-06-05,Loss,-1.0,11,Top 3 Swing scanner pick
2026-05-30,Swing,1,Highest Priority,BEL,SELL,94,415.27,436.39,373.03,2.0,412.05,+₹24.34 / +5.91%,+₹39.02 / +9.47%,Active After Trigger,,,,,11,Top 3 Swing scanner pick
2026-05-30,Swing,2,Highest Priority,HDFCBANK,SELL,94,755.39,792.91,680.33,2.0,738.35,+₹54.56 / +7.39%,+₹58.02 / +7.86%,Active After Trigger,,,,,11,Top 3 Swing scanner pick
2026-05-30,Swing,3,Highest Priority,JSWSTEEL,BUY,94,1330.66,1255.25,1481.46,2.0,1261.7,+₹6.45 / +0.51%,+₹219.76 / +17.42%,Pending Trigger,,,,,11,Top 3 Swing scanner pick
2026-05-29,Swing,1,Highest Priority,ADANIPORTS,BUY,94,1844.38,1739.1,2054.95,2.0,1805.0,+₹65.90 / +3.65%,+₹249.95 / +13.85%,Pending Trigger,,,,,12,Top 3 Swing scanner pick
2026-05-29,Swing,2,Highest Priority,APOLLOHOSP,BUY,94,8341.65,7794.72,9435.52,2.0,8358.5,+₹563.78 / +6.74%,+₹1077.02 / +12.89%,Active After Trigger,,,,,12,Top 3 Swing scanner pick
2026-05-29,Swing,3,Highest Priority,BEL,SELL,94,409.08,432.16,362.92,2.0,412.05,+₹20.11 / +4.88%,+₹49.13 / +11.92%,Active After Trigger,,,,,11,Top 3 Swing scanner pick
2026-05-29,Swing,1,Highest Priority,ASHOKLEY,SELL,94,157.51,166.36,139.83,2.0,143.8,+₹22.56 / +15.69%,+₹3.97 / +2.76%,Active After Trigger,,,,,11,Top 3 Swing scanner pick
2026-05-29,Swing,2,Highest Priority,MARICO,BUY,94,843.33,810.43,909.14,2.0,813.2,+₹2.77 / +0.34%,+₹95.94 / +11.80%,Pending Trigger,,,,,11,Top 3 Swing scanner pick
2026-05-29,Swing,3,Highest Priority,MPHASIS,BUY,94,2313.62,2153.35,2634.15,2.0,2340.5,+₹187.15 / +8.00%,+₹293.65 / +12.55%,Active After Trigger,,,,,11,Top 3 Swing scanner pick
2026-05-29,Intraday,1,Highest Priority,AUBANK,SELL,94,994.71,1013.41,957.31,2.0,972.6,+₹40.81 / +4.20%,+₹15.29 / +1.57%,Target Hit First,Target,2026-06-02,Win,2.0,11,Top 3 Intraday scanner pick
2026-05-29,Swing,1,Highest Priority,BEL,SELL,94,415.27,436.39,373.03,2.0,410.3,+₹26.09 / +6.36%,+₹37.27 / +9.08%,Active After Trigger,,,,,11,Top 3 Swing scanner pick
2026-05-29,Swing,2,Highest Priority,HDFCBANK,SELL,94,755.39,792.91,680.33,2.0,741.9,+₹51.01 / +6.88%,+₹61.57 / +8.30%,Active After Trigger,,,,,11,Top 3 Swing scanner pick
2026-05-29,Swing,3,Highest Priority,JSWSTEEL,BUY,94,1330.66,1255.25,1481.46,2.0,1263.2,+₹7.95 / +0.63%,+₹218.26 / +17.28%,Pending Trigger,,,,,11,Top 3 Swing scanner pick
2026-05-29,Intraday,1,Highest Priority,INDIGO,BUY,94,4590.16,4501.0,4768.49,2.0,4426.0,-₹75.00 / -1.69%,+₹342.49 / +7.74%,Stop Hit First,Stop,2026-06-01,Loss,-1.0,11,Top 3 Intraday scanner pick
2026-05-29,Intraday,2,Highest Priority,WIPRO,SELL,94,200.81,202.62,197.19,2.0,183.65,+₹18.97 / +10.33%,-₹13.54 / -7.37%,Ambiguous Entry Candle,Entry/exit same candle,2026-06-05,Ambiguous,,11,Top 3 Intraday scanner pick
2026-05-28,Swing,1,Highest Priority,BEL,SELL,94,415.27,436.39,373.03,2.0,413.75,+₹22.64 / +5.47%,+₹40.72 / +9.84%,Active After Trigger,,,,,12,Top 3 Swing scanner pick
2026-05-28,Swing,2,Highest Priority,HDFCBANK,SELL,94,755.39,792.91,680.33,2.0,741.65,+₹51.26 / +6.91%,+₹61.32 / +8.27%,Active After Trigger,,,,,12,Top 3 Swing scanner pick
2026-05-28,Swing,3,Highest Priority,JSWSTEEL,BUY,94,1330.66,1255.25,1481.46,2.0,1284.0,+₹28.75 / +2.24%,+₹197.46 / +15.38%,Pending Trigger,,,,,12,Top 3 Swing scanner pick
2026-05-28,Swing,1,Highest Priority,ABBOTINDIA,BUY,94,27935.76,26838.23,30130.82,2.0,26035.0,-₹803.23 / -3.09%,+₹4095.82 / +15.73%,Pending Trigger,,,,,12,Top 3 Swing scanner pick
2026-05-28,Swing,2,Highest Priority,APLAPOLLO,SELL,94,1855.28,1927.98,1709.89,2.0,1822.6,+₹105.38 / +5.78%,+₹112.71 / +6.18%,Active After Trigger,,,,,12,Top 3 Swing scanner pick
2026-05-28,Swing,3,Highest Priority,BAJAJ-AUTO,BUY,94,10662.78,10046.53,11895.28,2.0,10231.0,+₹184.47 / +1.80%,+₹1664.28 / +16.27%,Active After Trigger,,,,,11,Top 3 Swing scanner pick
2026-05-28,Intraday,1,Highest Priority,INDIGO,BUY,94,4590.16,4501.0,4768.49,2.0,4376.1,-₹124.90 / -2.85%,+₹392.39 / +8.97%,Stop Hit First,Stop,2026-06-01,Loss,-1.0,11,Top 3 Intraday scanner pick
2026-05-28,Intraday,2,Highest Priority,WIPRO,SELL,94,200.81,202.62,197.19,2.0,181.7,+₹20.92 / +11.51%,-₹15.49 / -8.53%,Ambiguous Entry Candle,Entry/exit same candle,2026-06-05,Ambiguous,,11,Top 3 Intraday scanner pick
2026-05-27,Swing,1,Highest Priority,BEL,SELL,94,415.27,436.39,373.03,2.0,412.95,+₹23.44 / +5.68%,+₹39.92 / +9.67%,Active After Trigger,,,,,12,Top 3 Swing scanner pick
2026-05-27,Swing,2,Highest Priority,HDFCBANK,SELL,94,755.39,792.91,680.33,2.0,738.65,+₹54.26 / +7.35%,+₹58.32 / +7.90%,Active After Trigger,,,,,12,Top 3 Swing scanner pick
2026-05-27,Swing,3,Highest Priority,JSWSTEEL,BUY,94,1330.66,1255.25,1481.46,2.0,1260.7,+₹5.45 / +0.43%,+₹220.76 / +17.51%,Pending Trigger,,,,,12,Top 3 Swing scanner pick
2026-05-27,Intraday,1,Highest Priority,INDIGO,BUY,94,4590.16,4501.0,4768.49,2.0,4376.1,-₹124.90 / -2.85%,+₹392.39 / +8.97%,Stop Hit First,Stop,2026-05-29,Loss,-1.0,12,Top 3 Intraday scanner pick
2026-05-27,Intraday,2,Highest Priority,WIPRO,SELL,94,200.81,202.62,197.19,2.0,187.62,+₹15.00 / +7.99%,-₹9.57 / -5.10%,Stop Hit First,Stop,2026-05-29,Loss,-1.0,12,Top 3 Intraday scanner pick
2026-05-27,Swing,1,Highest Priority,HDFCBANK,SELL,94,756.58,792.9,683.94,2.0,738.6,+₹54.30 / +7.35%,+₹54.66 / +7.40%,Active After Trigger,,,,,12,Top 3 Swing scanner pick
2026-05-27,Swing,2,Highest Priority,NMDC,BUY,94,92.97,86.4,106.1,2.0,92.9,+₹6.50 / +7.00%,+₹13.20 / +14.21%,Active After Trigger,,,,,12,Top 3 Swing scanner pick
2026-05-27,Swing,1,Highest Priority,IRFC,SELL,94,98.79,103.91,88.55,2.0,96.47,+₹7.44 / +7.71%,+₹7.92 / +8.21%,Active After Trigger,,,,,11,Top 3 Swing scanner pick
2026-05-27,Swing,2,Highest Priority,TCS,SELL,94,2288.41,2383.63,2097.98,2.0,2198.9,+₹184.73 / +8.40%,+₹100.92 / +4.59%,Stop Hit First,Stop,2026-06-02,Loss,-1.0,11,Top 3 Swing scanner pick
2026-05-27,Swing,3,Highest Priority,TVSMOTOR,SELL,92,3413.16,3660.76,2917.96,2.0,3383.9,+₹276.86 / +8.18%,+₹465.94 / +13.77%,Active After Trigger,,,,,11,Top 3 Swing scanner pick
2026-05-27,Intraday,1,Highest Priority,NAUKRI,BUY,94,984.67,974.57,1004.86,2.0,986.0,+₹11.43 / +1.16%,+₹18.86 / +1.91%,Target Hit First,Target,2026-05-27,Win,2.0,11,Top 3 Intraday scanner pick
2026-05-27,Intraday,2,Highest Priority,TORNTPHARM,SELL,94,4432.82,4467.83,4362.79,2.0,4441.9,+₹25.93 / +0.58%,+₹79.11 / +1.78%,Stop Hit First,Stop,2026-05-29,Loss,-1.0,11,Top 3 Intraday scanner pick
2026-05-26,Intraday,2,Highest Priority,TORNTPHARM,SELL,94,4432.82,4467.83,4362.79,2.0,4441.9,+₹25.93 / +0.58%,+₹79.11 / +1.78%,Stop Hit First,Stop,2026-05-27,Loss,-1.0,12,Top 3 Intraday scanner pick
2026-05-26,Swing,2,Highest Priority,APLAPOLLO,SELL,94,1855.28,1927.98,1709.89,2.0,1822.6,+₹105.38 / +5.78%,+₹112.71 / +6.18%,Ambiguous Entry Candle,Entry/exit same candle,2026-05-27,Ambiguous,,11,Top 3 Swing scanner pick
2026-05-26,Swing,3,Highest Priority,BAJAJ-AUTO,BUY,94,10662.78,10046.53,11895.28,2.0,10342.0,+₹295.47 / +2.86%,+₹1553.28 / +15.02%,Active After Trigger,,,,,11,Top 3 Swing scanner pick
2026-05-26,Intraday,1,Highest Priority,NAUKRI,BUY,94,984.67,974.57,1004.86,2.0,986.0,+₹11.43 / +1.16%,+₹18.86 / +1.91%,Target Hit First,Target,2026-05-27,Win,2.0,11,Top 3 Intraday scanner pick
2026-05-26,Intraday,2,Highest Priority,OFSS,BUY,94,9919.8,9787.36,10184.69,2.0,9936.5,+₹149.14 / +1.50%,+₹248.19 / +2.50%,Target Hit First,Target,2026-05-27,Win,2.0,11,Top 3 Intraday scanner pick
2026-05-26,Intraday,3,Highest Priority,PERSISTENT,BUY,94,5130.24,5078.73,5233.26,2.0,5030.0,-₹48.73 / -0.97%,+₹203.26 / +4.04%,Stop Hit First,Stop,2026-05-27,Loss,-1.0,11,Top 3 Intraday scanner pick
2026-05-26,Swing,1,Highest Priority,ABBOTINDIA,BUY,94,27935.76,26838.23,30130.82,2.0,26035.0,-₹803.23 / -3.09%,+₹4095.82 / +15.73%,Pending Trigger,,,,,11,Top 3 Swing scanner pick
2026-05-26,Swing,1,Highest Priority,IRFC,SELL,94,98.79,103.91,88.55,2.0,96.06,+₹7.85 / +8.17%,+₹7.51 / +7.82%,Active After Trigger,,,,,11,Top 3 Swing scanner pick
2026-05-26,Swing,2,Highest Priority,TCS,SELL,94,2288.41,2383.63,2097.98,2.0,2241.0,+₹142.63 / +6.36%,+₹143.02 / +6.38%,Stop Hit First,Stop,2026-06-02,Loss,-1.0,11,Top 3 Swing scanner pick
2026-05-26,Swing,3,Highest Priority,TVSMOTOR,SELL,92,3413.16,3660.76,2917.96,2.0,3362.5,+₹298.26 / +8.87%,+₹444.54 / +13.22%,Active After Trigger,,,,,11,Top 3 Swing scanner pick
2026-05-26,Swing,1,Highest Priority,ASIANPAINT,BUY,94,2670.03,2492.08,3025.93,2.0,2686.7,+₹194.62 / +7.24%,+₹339.23 / +12.63%,Active After Trigger,,,,,10,Top 3 Swing scanner pick
2026-05-26,Swing,2,Highest Priority,BANKBARODA,SELL,94,262.22,271.97,242.74,2.0,263.7,+₹8.27 / +3.14%,+₹20.96 / +7.95%,Stop Hit First,Stop,2026-06-04,Loss,-1.0,10,Top 3 Swing scanner pick
2026-05-26,Swing,3,Highest Priority,DIVISLAB,BUY,94,6974.42,6618.52,7686.22,2.0,6623.0,+₹4.48 / +0.07%,+₹1063.22 / +16.05%,Pending Trigger,,,,,10,Top 3 Swing scanner pick
2026-05-26,Intraday,1,Highest Priority,BHEL,BUY,94,421.34,410.53,442.97,2.0,386.8,-₹23.73 / -6.13%,+₹56.17 / +14.52%,Stop Hit First,Stop,2026-06-01,Loss,-1.0,10,Top 3 Intraday scanner pick
2026-05-25,Swing,1,Highest Priority,IRFC,SELL,94,98.79,103.91,88.55,2.0,96.47,+₹7.44 / +7.71%,+₹7.92 / +8.21%,Active After Trigger,,,,,11,Top 3 Swing scanner pick
2026-05-25,Swing,2,Highest Priority,TCS,SELL,94,2288.41,2383.63,2097.98,2.0,2198.9,+₹184.73 / +8.40%,+₹100.92 / +4.59%,Stop Hit First,Stop,2026-06-02,Loss,-1.0,11,Top 3 Swing scanner pick
2026-05-25,Intraday,1,Highest Priority,BHEL,BUY,94,421.34,410.53,442.97,2.0,392.5,-₹18.03 / -4.59%,+₹50.47 / +12.86%,Stop Hit First,Stop,2026-06-01,Loss,-1.0,11,Top 3 Intraday scanner pick
2026-05-25,Swing,1,Highest Priority,DIVISLAB,BUY,94,6958.89,6617.25,7642.18,2.0,6601.0,-₹16.25 / -0.25%,+₹1041.18 / +15.77%,Pending Trigger,,,,,11,Top 3 Swing scanner pick
2026-05-25,Swing,1,Highest Priority,ASIANPAINT,BUY,94,2670.03,2492.08,3025.93,2.0,2680.5,+₹188.42 / +7.03%,+₹345.43 / +12.89%,Active After Trigger,,,,,11,Top 3 Swing scanner pick
2026-05-25,Swing,2,Highest Priority,BANKBARODA,SELL,94,262.22,271.97,242.74,2.0,266.2,+₹5.77 / +2.17%,+₹23.46 / +8.81%,Stop Hit First,Stop,2026-06-04,Loss,-1.0,11,Top 3 Swing scanner pick
2026-05-25,Swing,3,Highest Priority,DIVISLAB,BUY,94,6974.42,6618.52,7686.22,2.0,6601.0,-₹17.52 / -0.27%,+₹1085.22 / +16.44%,Pending Trigger,,,,,11,Top 3 Swing scanner pick
2026-05-25,Intraday,1,Highest Priority,DIVISLAB,BUY,94,6913.8,6832.01,7077.37,2.0,6601.0,-₹231.01 / -3.50%,+₹476.37 / +7.22%,Ambiguous Entry Candle,Entry/exit same candle,2026-05-25,Ambiguous,,11,Top 3 Intraday scanner pick
2026-05-25,Intraday,2,Highest Priority,FEDERALBNK,BUY,94,288.93,285.09,296.59,2.0,300.1,+₹15.01 / +5.00%,-₹3.51 / -1.17%,Stop Hit First,Stop,2026-05-29,Loss,-1.0,11,Top 3 Intraday scanner pick
2026-05-25,Intraday,3,Highest Priority,HINDALCO,BUY,94,1117.23,1092.41,1166.87,2.0,1125.2,+₹32.79 / +2.91%,+₹41.67 / +3.70%,Active After Trigger,,,,,11,Top 3 Intraday scanner pick
2026-05-24,Swing,1,Highest Priority,ASIANPAINT,BUY,94,2670.03,2492.08,3025.93,2.0,2662.4,+₹170.32 / +6.40%,+₹363.53 / +13.65%,Active After Trigger,,,,,12,Top 3 Swing scanner pick
2026-05-24,Swing,2,Highest Priority,BANKBARODA,SELL,94,262.22,271.97,242.74,2.0,271.3,+₹0.67 / +0.25%,+₹28.56 / +10.53%,Stop Hit First,Stop,2026-06-04,Loss,-1.0,11,Top 3 Swing scanner pick
2026-05-24,Swing,3,Highest Priority,DIVISLAB,BUY,94,6974.42,6618.52,7686.22,2.0,6596.5,-₹22.02 / -0.33%,+₹1089.72 / +16.52%,Pending Trigger,,,,,11,Top 3 Swing scanner pick
2026-05-24,Intraday,1,Highest Priority,DIVISLAB,BUY,94,6913.8,6832.01,7077.37,2.0,6596.5,-₹235.51 / -3.57%,+₹480.87 / +7.29%,Ambiguous Entry Candle,Entry/exit same candle,2026-05-25,Ambiguous,,11,Top 3 Intraday scanner pick
2026-05-24,Intraday,2,Highest Priority,FEDERALBNK,BUY,94,288.93,285.09,296.59,2.0,300.1,+₹15.01 / +5.00%,-₹3.51 / -1.17%,Stop Hit First,Stop,2026-05-29,Loss,-1.0,11,Top 3 Intraday scanner pick
2026-05-24,Intraday,3,Highest Priority,HINDALCO,BUY,94,1117.23,1092.41,1166.87,2.0,1125.2,+₹32.79 / +2.91%,+₹41.67 / +3.70%,Active After Trigger,,,,,11,Top 3 Intraday scanner pick
2026-05-23,Swing,1,Highest Priority,ASIANPAINT,BUY,94,2670.03,2492.08,3025.93,2.0,2669.2,+₹177.12 / +6.64%,+₹356.73 / +13.36%,Active After Trigger,,,,,12,Top 3 Swing scanner pick
2026-05-23,Swing,2,Highest Priority,BANKBARODA,SELL,94,262.22,271.97,242.74,2.0,270.45,+₹1.52 / +0.56%,+₹27.71 / +10.25%,Stop Hit First,Stop,2026-06-04,Loss,-1.0,12,Top 3 Swing scanner pick
2026-05-23,Swing,3,Highest Priority,DIVISLAB,BUY,94,6974.42,6618.52,7686.22,2.0,6635.0,+₹16.48 / +0.25%,+₹1051.22 / +15.84%,Pending Trigger,,,,,12,Top 3 Swing scanner pick
2026-05-23,Swing,1,Highest Priority,BEL,SELL,94,417.21,445.09,361.46,2.0,408.35,+₹36.74 / +9.00%,+₹46.89 / +11.48%,Active After Trigger,,,,,12,Top 3 Swing scanner pick
2026-05-23,Swing,2,Highest Priority,BPCL,SELL,94,294.16,308.32,265.84,2.0,294.0,+₹14.32 / +4.87%,+₹28.16 / +9.58%,Ambiguous Entry Candle,Entry/exit same candle,2026-05-29,Ambiguous,,12,Top 3 Swing scanner pick
2026-05-23,Swing,3,Highest Priority,GODREJCP,SELL,94,1010.08,1055.4,919.43,2.0,1000.0,+₹55.40 / +5.54%,+₹80.57 / +8.06%,Active After Trigger,,,,,12,Top 3 Swing scanner pick
2026-05-23,Intraday,1,Highest Priority,DIVISLAB,BUY,94,6913.8,6832.01,7077.37,2.0,6566.0,-₹266.01 / -4.05%,+₹511.37 / +7.79%,Ambiguous Entry Candle,Entry/exit same candle,2026-05-25,Ambiguous,,12,Top 3 Intraday scanner pick
2026-05-23,Intraday,2,Highest Priority,FEDERALBNK,BUY,94,288.93,285.09,296.59,2.0,302.3,+₹17.21 / +5.69%,-₹5.71 / -1.89%,Stop Hit First,Stop,2026-05-29,Loss,-1.0,12,Top 3 Intraday scanner pick
2026-05-23,Intraday,3,Highest Priority,HINDALCO,BUY,94,1117.23,1092.41,1166.87,2.0,1139.5,+₹47.09 / +4.13%,+₹27.37 / +2.40%,Active After Trigger,,,,,12,Top 3 Intraday scanner pick
2026-05-22,Intraday,1,Highest Priority,DIVISLAB,BUY,94,6913.8,6832.01,7077.37,2.0,6566.0,-₹266.01 / -4.05%,+₹511.37 / +7.79%,Stop Hit First,Stop,2026-05-25,Loss,-1.0,13,Top 3 Intraday scanner pick
2026-05-22,Intraday,3,Highest Priority,HINDALCO,BUY,94,1117.23,1092.41,1166.87,2.0,1139.5,+₹47.09 / +4.13%,+₹27.37 / +2.40%,Active After Trigger,,,,,13,Top 3 Intraday scanner pick
2026-05-22,Swing,1,Highest Priority,GODREJCP,SELL,94,1003.99,1050.66,910.65,2.0,999.1,+₹51.56 / +5.16%,+₹88.45 / +8.85%,Active After Trigger,,,,,13,Top 3 Swing scanner pick
2026-05-22,Swing,2,Highest Priority,IRCTC,SELL,94,526.1,564.17,449.94,2.0,510.8,+₹53.37 / +10.45%,+₹60.86 / +11.91%,Active After Trigger,,,,,12,Top 3 Swing scanner pick
2026-05-22,Swing,3,Highest Priority,ULTRACEMCO,SELL,94,11487.98,11965.79,10532.35,2.0,11101.0,+₹864.79 / +7.79%,+₹568.65 / +5.12%,Active After Trigger,,,,,12,Top 3 Swing scanner pick
2026-05-22,Intraday,1,Highest Priority,BOSCHLTD,BUY,94,36212.28,35885.49,36865.85,2.0,37655.0,+₹1769.51 / +4.70%,-₹789.15 / -2.10%,Stop Hit First,Stop,2026-05-26,Loss,-1.0,12,Top 3 Intraday scanner pick
2026-05-22,Intraday,2,Highest Priority,FEDERALBNK,BUY,94,288.93,285.1,296.58,2.0,302.3,+₹17.20 / +5.69%,-₹5.72 / -1.89%,Stop Hit First,Stop,2026-05-29,Loss,-1.0,12,Top 3 Intraday scanner pick
2026-05-22,Intraday,3,Highest Priority,NESTLEIND,BUY,94,1428.65,1414.92,1456.12,2.0,1389.8,-₹25.12 / -1.81%,+₹66.32 / +4.77%,Stop Hit First,Stop,2026-05-25,Loss,-1.0,12,Top 3 Intraday scanner pick
2026-05-22,Swing,1,Highest Priority,BANKBARODA,SELL,94,262.42,271.4,244.48,2.0,268.85,+₹2.55 / +0.95%,+₹24.37 / +9.06%,Active After Trigger,,,,,12,Top 3 Swing scanner pick
2026-05-22,Swing,2,Highest Priority,PAYTM,SELL,92,1107.98,1178.88,966.17,2.0,1038.5,+₹140.38 / +13.52%,+₹72.33 / +6.96%,Active After Trigger,,,,,12,Top 3 Swing scanner pick
2026-05-22,Intraday,1,Highest Priority,SIEMENS,BUY,94,3817.62,3709.88,4033.09,2.0,3709.0,-₹0.88 / -0.02%,+₹324.09 / +8.74%,Stop Hit First,Stop,2026-05-25,Loss,-1.0,12,Top 3 Intraday scanner pick
2026-05-22,Swing,1,Highest Priority,BAJAJ-AUTO,BUY,94,10756.47,10044.48,12180.44,2.0,10242.0,+₹197.52 / +1.93%,+₹1938.44 / +18.93%,Active After Trigger,,,,,12,Top 3 Swing scanner pick
2026-05-22,Swing,2,Highest Priority,BEL,SELL,94,417.21,445.09,361.46,2.0,405.0,+₹40.09 / +9.90%,+₹43.54 / +10.75%,Active After Trigger,,,,,12,Top 3 Swing scanner pick
2026-05-22,Swing,3,Highest Priority,BPCL,SELL,94,294.16,308.32,265.84,2.0,296.85,+₹11.47 / +3.86%,+₹31.01 / +10.45%,Stop Hit First,Stop,2026-05-25,Loss,-1.0,12,Top 3 Swing scanner pick
2026-05-22,Swing,1,Highest Priority,ABCAPITAL,BUY,94,356.56,338.04,393.61,2.0,350.55,+₹12.51 / +3.57%,+₹43.06 / +12.28%,Active After Trigger,,,,,12,Top 3 Swing scanner pick
2026-05-22,Swing,2,Highest Priority,BAJAJ-AUTO,BUY,94,10503.97,10040.91,11430.09,2.0,10376.0,+₹335.09 / +3.23%,+₹1054.09 / +10.16%,Active After Trigger,,,,,12,Top 3 Swing scanner pick
2026-05-22,Swing,3,Highest Priority,CUMMINSIND,BUY,94,5429.84,5130.88,6027.76,2.0,5708.0,+₹577.12 / +10.11%,+₹319.76 / +5.60%,Target Hit First,Target,2026-05-27,Win,2.0,11,Top 3 Swing scanner pick
2026-05-22,Intraday,1,Highest Priority,COFORGE,SELL,94,1372.35,1383.82,1349.41,2.0,1519.5,-₹135.68 / -8.93%,+₹170.09 / +11.19%,Stop Hit First,Stop,2026-05-22,Loss,-1.0,11,Top 3 Intraday scanner pick
2026-05-22,Intraday,2,Highest Priority,MOTHERSON,BUY,94,137.69,135.43,142.22,2.0,144.89,+₹9.46 / +6.53%,-₹2.67 / -1.84%,Stop Hit First,Stop,2026-05-22,Loss,-1.0,11,Top 3 Intraday scanner pick
2026-05-22,Intraday,3,Highest Priority,NAUKRI,SELL,94,923.1,933.83,901.63,2.0,1019.95,-₹86.12 / -8.44%,+₹118.32 / +11.60%,Stop Hit First,Stop,2026-05-22,Loss,-1.0,11,Top 3 Intraday scanner pick
2026-05-21,Swing,1,Highest Priority,BAJAJ-AUTO,BUY,94,10756.47,10044.48,12180.44,2.0,10281.0,+₹236.52 / +2.30%,+₹1899.44 / +18.48%,Active After Trigger,,,,,12,Top 3 Swing scanner pick
2026-05-21,Swing,2,Highest Priority,BEL,SELL,94,417.21,445.09,361.46,2.0,408.3,+₹36.79 / +9.01%,+₹46.84 / +11.47%,Active After Trigger,,,,,12,Top 3 Swing scanner pick
2026-05-21,Swing,3,Highest Priority,BPCL,SELL,94,294.16,308.32,265.84,2.0,295.2,+₹13.12 / +4.44%,+₹29.36 / +9.95%,Stop Hit First,Stop,2026-05-25,Loss,-1.0,12,Top 3 Swing scanner pick
2026-05-21,Intraday,1,Highest Priority,COFORGE,SELL,94,1372.35,1383.82,1349.41,2.0,1523.3,-₹139.48 / -9.16%,+₹173.89 / +11.42%,Stop Hit First,Stop,2026-05-22,Loss,-1.0,12,Top 3 Intraday scanner pick
2026-05-21,Intraday,2,Highest Priority,MOTHERSON,BUY,94,137.69,135.43,142.22,2.0,142.9,+₹7.47 / +5.23%,-₹0.68 / -0.48%,Stop Hit First,Stop,2026-05-22,Loss,-1.0,12,Top 3 Intraday scanner pick
2026-05-21,Intraday,3,Highest Priority,NAUKRI,SELL,94,923.1,933.83,901.63,2.0,1004.05,-₹70.22 / -6.99%,+₹102.42 / +10.20%,Stop Hit First,Stop,2026-05-22,Loss,-1.0,12,Top 3 Intraday scanner pick
2026-05-21,Swing,1,Highest Priority,BEL,SELL,94,417.21,445.09,361.46,2.0,407.2,+₹37.89 / +9.31%,+₹45.74 / +11.23%,Active After Trigger,,,,,11,Top 3 Swing scanner pick
2026-05-21,Intraday,1,Highest Priority,ADANIPORTS,BUY,94,1804.1,1780.96,1850.38,2.0,1785.0,+₹4.04 / +0.23%,+₹65.38 / +3.66%,Stop Hit First,Stop,2026-06-01,Loss,-1.0,11,Top 3 Intraday scanner pick
2026-05-21,Swing,1,Highest Priority,APOLLOHOSP,BUY,94,8109.69,7726.49,8876.08,2.0,8108.5,+₹382.01 / +4.71%,+₹767.58 / +9.47%,Active After Trigger,,,,,11,Top 3 Swing scanner pick
2026-05-21,Swing,2,Highest Priority,AXISBANK,SELL,94,1228.84,1311.49,1063.54,2.0,1275.9,+₹35.59 / +2.79%,+₹212.36 / +16.64%,Pending Trigger,,,,,11,Top 3 Swing scanner pick
2026-05-21,Swing,3,Highest Priority,BEL,SELL,94,418.46,445.02,365.34,2.0,407.2,+₹37.82 / +9.29%,+₹41.86 / +10.28%,Active After Trigger,,,,,11,Top 3 Swing scanner pick
2026-05-21,Intraday,1,Highest Priority,ASHOKLEY,BUY,94,154.71,151.19,161.74,2.0,149.8,-₹1.39 / -0.93%,+₹11.94 / +7.97%,Target Hit First,Target,2026-05-25,Win,2.0,11,Top 3 Intraday scanner pick
2026-05-21,Intraday,2,Highest Priority,BPCL,BUY,94,295.29,289.59,306.69,2.0,298.85,+₹9.26 / +3.10%,+₹7.84 / +2.62%,Target Hit First,Target,2026-05-25,Win,2.0,11,Top 3 Intraday scanner pick
2026-05-21,Intraday,3,Highest Priority,DLF,BUY,94,585.32,577.25,601.46,2.0,590.5,+₹13.25 / +2.24%,+₹10.96 / +1.86%,Target Hit First,Target,2026-05-29,Win,2.0,11,Top 3 Intraday scanner pick
2026-05-20,Swing,1,Highest Priority,ABCAPITAL,BUY,94,356.56,338.04,393.61,2.0,355.3,+₹17.26 / +4.86%,+₹38.31 / +10.78%,Active After Trigger,,,,,12,Top 3 Swing scanner pick
2026-05-20,Swing,2,Highest Priority,BAJAJ-AUTO,BUY,94,10503.97,10040.91,11430.09,2.0,10460.0,+₹419.09 / +4.01%,+₹970.09 / +9.27%,Active After Trigger,,,,,12,Top 3 Swing scanner pick
2026-05-20,Swing,3,Highest Priority,CUMMINSIND,BUY,94,5429.84,5130.88,6027.76,2.0,5881.0,+₹750.12 / +12.75%,+₹146.76 / +2.50%,Target Hit First,Target,2026-05-27,Win,2.0,12,Top 3 Swing scanner pick
2026-05-20,Intraday,1,Highest Priority,ASHOKLEY,BUY,94,154.71,151.19,161.74,2.0,156.65,+₹5.46 / +3.49%,+₹5.09 / +3.25%,Target Hit First,Target,2026-05-25,Win,2.0,12,Top 3 Intraday scanner pick
2026-05-20,Intraday,2,Highest Priority,BPCL,BUY,94,295.29,289.59,306.69,2.0,299.0,+₹9.41 / +3.15%,+₹7.69 / +2.57%,Target Hit First,Target,2026-05-25,Win,2.0,11,Top 3 Intraday scanner pick
2026-05-20,Intraday,3,Highest Priority,DLF,BUY,94,585.32,577.25,601.46,2.0,594.25,+₹17.00 / +2.86%,+₹7.21 / +1.21%,Target Hit First,Target,2026-05-29,Win,2.0,11,Top 3 Intraday scanner pick
2026-05-20,Swing,3,Highest Priority,HINDALCO,BUY,94,1092.18,1018.49,1239.56,2.0,1126.7,+₹108.21 / +9.60%,+₹112.86 / +10.02%,Active After Trigger,,,,,11,Top 3 Swing scanner pick
2026-05-20,Swing,1,Highest Priority,HINDALCO,BUY,94,1091.68,1018.49,1238.05,2.0,1126.7,+₹108.21 / +9.60%,+₹111.35 / +9.88%,Active After Trigger,,,,,10,Top 3 Swing scanner pick
2026-05-20,Swing,1,Highest Priority,BANKBARODA,SELL,94,254.79,272.64,219.09,2.0,268.5,+₹4.14 / +1.54%,+₹49.41 / +18.40%,Pending Trigger,,,,,10,Top 3 Swing scanner pick
2026-05-20,Swing,2,Highest Priority,GODREJCP,SELL,94,999.5,1068.06,862.37,2.0,1029.3,+₹38.76 / +3.77%,+₹166.93 / +16.22%,Pending Trigger,,,,,10,Top 3 Swing scanner pick
2026-05-20,Swing,3,Highest Priority,HDFCBANK,SELL,94,749.85,803.35,642.83,2.0,758.65,+₹44.70 / +5.89%,+₹115.82 / +15.27%,Pending Trigger,,,,,10,Top 3 Swing scanner pick
2026-05-20,Intraday,1,Highest Priority,PAYTM,BUY,94,1126.15,1118.16,1142.12,2.0,1118.8,+₹0.64 / +0.06%,+₹23.32 / +2.08%,Ambiguous Entry Candle,Entry/exit same candle,2026-05-20,Ambiguous,,10,Top 3 Intraday scanner pick
2026-05-19,Swing,1,Highest Priority,AXISBANK,SELL,94,1228.84,1311.49,1063.54,2.0,1286.6,+₹24.89 / +1.93%,+₹223.06 / +17.34%,Stop Hit First,Stop,2026-05-25,Loss,-1.0,10,Top 3 Swing scanner pick
2026-05-19,Swing,2,Highest Priority,BEL,SELL,94,418.46,445.02,365.34,2.0,410.75,+₹34.27 / +8.34%,+₹45.41 / +11.06%,Active After Trigger,,,,,10,Top 3 Swing scanner pick
2026-05-19,Intraday,1,Highest Priority,PAYTM,BUY,94,1126.15,1118.16,1142.12,2.0,1118.8,+₹0.64 / +0.06%,+₹23.32 / +2.08%,Stop Hit First,Stop,2026-05-19,Loss,-1.0,10,Top 3 Intraday scanner pick
2026-05-19,Swing,1,Highest Priority,ICICIBANK,SELL,94,1227.34,1296.73,1088.56,2.0,1285.1,+₹11.63 / +0.90%,+₹196.54 / +15.29%,Stop Hit First,Stop,2026-05-26,Loss,-1.0,10,Top 3 Swing scanner pick
2026-05-19,Intraday,1,Highest Priority,GAIL,SELL,94,156.9,161.33,148.03,2.0,166.46,-₹5.13 / -3.08%,+₹18.43 / +11.07%,Stop Hit First,Stop,2026-05-22,Loss,-1.0,10,Top 3 Intraday scanner pick
2026-05-19,Swing,2,Highest Priority,GODREJCP,SELL,94,999.5,1068.06,862.37,2.0,1037.1,+₹30.96 / +2.99%,+₹174.73 / +16.85%,Pending Trigger,,,,,10,Top 3 Swing scanner pick
2026-05-19,Swing,3,Highest Priority,HDFCBANK,SELL,94,749.85,803.35,642.83,2.0,758.65,+₹44.70 / +5.89%,+₹115.82 / +15.27%,Pending Trigger,,,,,10,Top 3 Swing scanner pick
2026-05-19,Swing,1,Highest Priority,BANKBARODA,SELL,94,260.23,272.78,235.13,2.0,270.95,+₹1.83 / +0.68%,+₹35.82 / +13.22%,Stop Hit First,Stop,2026-05-25,Loss,-1.0,10,Top 3 Swing scanner pick
2026-05-19,Intraday,1,Highest Priority,ABCAPITAL,SELL,94,348.05,352.31,339.54,2.0,364.8,-₹12.49 / -3.42%,+₹25.26 / +6.92%,Stop Hit First,Stop,2026-05-19,Loss,-1.0,10,Top 3 Intraday scanner pick
2026-05-19,Intraday,2,Highest Priority,ADANIPORTS,BUY,94,1792.68,1769.21,1839.61,2.0,1824.5,+₹55.29 / +3.03%,+₹15.11 / +0.83%,Stop Hit First,Stop,2026-05-19,Loss,-1.0,10,Top 3 Intraday scanner pick
2026-05-19,Intraday,3,Highest Priority,COALINDIA,SELL,94,460.68,466.12,449.78,2.0,463.05,+₹3.07 / +0.66%,+₹13.27 / +2.87%,Stop Hit First,Stop,2026-05-26,Loss,-1.0,9,Top 3 Intraday scanner pick
2026-05-18,Swing,2,Highest Priority,GODREJCP,SELL,94,999.5,1068.06,862.37,2.0,1044.4,+₹23.66 / +2.27%,+₹182.03 / +17.43%,Pending Trigger,,,,,10,Top 3 Swing scanner pick
2026-05-18,Swing,3,Highest Priority,HDFCBANK,SELL,94,749.85,803.35,642.83,2.0,758.65,+₹44.70 / +5.89%,+₹115.82 / +15.27%,Pending Trigger,,,,,10,Top 3 Swing scanner pick
2026-05-18,Intraday,1,Highest Priority,ABCAPITAL,SELL,94,348.05,352.31,339.54,2.0,364.8,-₹12.49 / -3.42%,+₹25.26 / +6.92%,Stop Hit First,Stop,2026-05-19,Loss,-1.0,10,Top 3 Intraday scanner pick
2026-05-18,Intraday,2,Highest Priority,ADANIPORTS,BUY,94,1792.68,1769.21,1839.61,2.0,1824.5,+₹55.29 / +3.03%,+₹15.11 / +0.83%,Stop Hit First,Stop,2026-05-19,Loss,-1.0,10,Top 3 Intraday scanner pick
2026-05-18,Intraday,3,Highest Priority,COALINDIA,SELL,94,460.68,466.12,449.78,2.0,463.05,+₹3.07 / +0.66%,+₹13.27 / +2.87%,Stop Hit First,Stop,2026-05-18,Loss,-1.0,10,Top 3 Intraday scanner pick
2026-05-18,Swing,1,Highest Priority,GODREJCP,SELL,92,999.5,1068.06,862.37,2.0,1031.8,+₹36.26 / +3.51%,+₹169.43 / +16.42%,Pending Trigger,,,,,10,Top 3 Swing scanner pick
2026-05-18,Swing,1,Highest Priority,BANKBARODA,SELL,94,260.23,272.78,235.13,2.0,270.55,+₹2.23 / +0.82%,+₹35.42 / +13.09%,Stop Hit First,Stop,2026-05-25,Loss,-1.0,10,Top 3 Swing scanner pick
2026-05-18,Intraday,1,Highest Priority,APLAPOLLO,BUY,94,1898.19,1874.42,1945.73,2.0,1862.0,-₹12.42 / -0.67%,+₹83.73 / +4.50%,Stop Hit First,Stop,2026-05-26,Loss,-1.0,9,Top 3 Intraday scanner pick
2026-05-18,Intraday,2,Highest Priority,BHEL,SELL,94,396.21,405.4,377.82,2.0,422.45,-₹17.05 / -4.04%,+₹44.63 / +10.56%,Stop Hit First,Stop,2026-05-20,Loss,-1.0,9,Top 3 Intraday scanner pick
2026-05-18,Intraday,3,Highest Priority,BOSCHLTD,BUY,94,37970.79,37396.82,39118.73,2.0,36035.0,-₹1361.82 / -3.78%,+₹3083.73 / +8.56%,Pending Trigger,,,,,9,Top 3 Intraday scanner pick
2026-05-17,Swing,1,Highest Priority,BANKBARODA,SELL,94,260.23,272.78,235.13,2.0,270.95,+₹1.83 / +0.68%,+₹35.82 / +13.22%,Stop Hit First,Stop,2026-05-25,Loss,-1.0,10,Top 3 Swing scanner pick
2026-05-17,Intraday,1,Highest Priority,APLAPOLLO,BUY,94,1898.19,1874.42,1945.73,2.0,1862.0,-₹12.42 / -0.67%,+₹83.73 / +4.50%,Stop Hit First,Stop,2026-05-26,Loss,-1.0,10,Top 3 Intraday scanner pick
2026-05-17,Intraday,2,Highest Priority,BHEL,SELL,94,396.21,405.4,377.82,2.0,421.35,-₹15.95 / -3.79%,+₹43.53 / +10.33%,Stop Hit First,Stop,2026-05-20,Loss,-1.0,10,Top 3 Intraday scanner pick
2026-05-17,Intraday,3,Highest Priority,BOSCHLTD,BUY,94,37970.79,37396.82,39118.73,2.0,35965.0,-₹1431.82 / -3.98%,+₹3153.73 / +8.77%,Pending Trigger,,,,,10,Top 3 Intraday scanner pick
2026-05-16,Swing,1,Highest Priority,BANKBARODA,SELL,94,262.12,272.76,240.86,2.0,272.1,+₹0.66 / +0.24%,+₹31.24 / +11.48%,Stop Hit First,Stop,2026-05-25,Loss,-1.0,11,Top 3 Swing scanner pick
2026-05-16,Intraday,1,Highest Priority,APLAPOLLO,BUY,94,1898.19,1874.42,1945.73,2.0,1870.3,-₹4.12 / -0.22%,+₹75.43 / +4.03%,Stop Hit First,Stop,2026-05-26,Loss,-1.0,11,Top 3 Intraday scanner pick
2026-05-16,Intraday,2,Highest Priority,BHEL,SELL,94,396.21,405.4,377.82,2.0,421.35,-₹15.95 / -3.79%,+₹43.53 / +10.33%,Stop Hit First,Stop,2026-05-20,Loss,-1.0,11,Top 3 Intraday scanner pick
2026-05-16,Intraday,3,Highest Priority,BOSCHLTD,BUY,94,37970.79,37396.82,39118.73,2.0,35965.0,-₹1431.82 / -3.98%,+₹3153.73 / +8.77%,Pending Trigger,,,,,11,Top 3 Intraday scanner pick
2026-05-15,Swing,1,Highest Priority,BANKBARODA,SELL,94,260.23,272.78,235.13,2.0,271.8,+₹0.98 / +0.36%,+₹36.67 / +13.49%,Stop Hit First,Stop,2026-05-25,Loss,-1.0,12,Top 3 Swing scanner pick
2026-05-15,Intraday,1,Highest Priority,APLAPOLLO,BUY,94,1898.19,1874.42,1945.73,2.0,1880.0,+₹5.58 / +0.30%,+₹65.73 / +3.50%,Stop Hit First,Stop,2026-05-15,Loss,-1.0,11,Top 3 Intraday scanner pick
2026-05-15,Intraday,2,Highest Priority,BHEL,SELL,94,396.21,405.4,377.82,2.0,417.75,-₹12.35 / -2.96%,+₹39.93 / +9.56%,Stop Hit First,Stop,2026-05-20,Loss,-1.0,11,Top 3 Intraday scanner pick
2026-05-15,Intraday,3,Highest Priority,BOSCHLTD,BUY,94,37970.79,37396.82,39118.73,2.0,35835.0,-₹1561.82 / -4.36%,+₹3283.73 / +9.16%,Ambiguous Entry Candle,Entry/exit same candle,2026-05-15,Ambiguous,,11,Top 3 Intraday scanner pick
2026-05-15,Swing,1,Highest Priority,BAJAJFINSV,SELL,94,1728.04,1854.27,1475.57,2.0,1800.7,+₹53.57 / +2.97%,+₹325.13 / +18.06%,Active After Trigger,,,,,11,Top 3 Swing scanner pick
2026-05-15,Swing,1,Highest Priority,TVSMOTOR,SELL,94,3476.03,3741.34,2945.42,2.0,3454.9,+₹286.44 / +8.29%,+₹509.48 / +14.75%,Active After Trigger,,,,,11,Top 3 Swing scanner pick
2026-05-15,Swing,2,Highest Priority,HDFCBANK,SELL,92,745.86,803.11,631.35,2.0,778.9,+₹24.21 / +3.11%,+₹147.55 / +18.94%,Pending Trigger,,,,,11,Top 3 Swing scanner pick
2026-05-15,Intraday,1,Highest Priority,ADANIENT,BUY,94,2725.44,2644.69,2886.94,2.0,2910.9,+₹266.21 / +9.15%,-₹23.96 / -0.82%,Target Hit First,Target,2026-05-26,Win,2.0,11,Top 3 Intraday scanner pick
2026-05-15,Intraday,2,Highest Priority,AMBUJACEM,BUY,94,445.89,441.82,454.03,2.0,454.6,+₹12.78 / +2.81%,-₹0.57 / -0.13%,Ambiguous Entry Candle,Entry/exit same candle,2026-05-15,Ambiguous,,11,Top 3 Intraday scanner pick
2026-05-15,Intraday,3,Highest Priority,BANKBARODA,BUY,94,269.29,267.1,273.65,2.0,271.75,+₹4.65 / +1.71%,+₹1.90 / +0.70%,Ambiguous Entry Candle,Entry/exit same candle,2026-05-15,Ambiguous,,11,Top 3 Intraday scanner pick
2026-05-14,Swing,1,Highest Priority,BANKBARODA,SELL,94,262.12,272.61,241.15,2.0,271.75,+₹0.86 / +0.32%,+₹30.60 / +11.26%,Stop Hit First,Stop,2026-05-25,Loss,-1.0,12,Top 3 Swing scanner pick
2026-05-14,Swing,2,Highest Priority,BEL,SELL,94,423.6,444.84,381.12,2.0,423.2,+₹21.64 / +5.11%,+₹42.08 / +9.94%,Active After Trigger,,,,,12,Top 3 Swing scanner pick
2026-05-14,Intraday,1,Highest Priority,ADANIENT,BUY,94,2725.44,2644.69,2886.94,2.0,2849.7,+₹205.01 / +7.19%,+₹37.24 / +1.31%,Active After Trigger,,,,,12,Top 3 Intraday scanner pick
2026-05-14,Intraday,2,Highest Priority,AMBUJACEM,BUY,94,445.89,441.82,454.03,2.0,442.9,+₹1.08 / +0.24%,+₹11.13 / +2.51%,Stop Hit First,Stop,2026-05-15,Loss,-1.0,12,Top 3 Intraday scanner pick
2026-05-14,Intraday,3,Highest Priority,BANKBARODA,BUY,94,269.29,267.1,273.65,2.0,272.8,+₹5.70 / +2.09%,+₹0.85 / +0.31%,Stop Hit First,Stop,2026-05-15,Loss,-1.0,12,Top 3 Intraday scanner pick
2026-05-14,Intraday,1,Highest Priority,INDUSINDBK,SELL,94,888.47,910.57,844.28,2.0,926.1,-₹15.53 / -1.68%,+₹81.82 / +8.83%,Stop Hit First,Stop,2026-05-14,Loss,-1.0,12,Top 3 Intraday scanner pick
2026-05-14,Intraday,1,Highest Priority,ASHOKLEY,SELL,94,152.55,154.72,148.22,2.0,164.38,-₹9.66 / -5.88%,+₹16.16 / +9.83%,Stop Hit First,Stop,2026-05-14,Loss,-1.0,11,Top 3 Intraday scanner pick
2026-05-14,Intraday,2,Highest Priority,AUBANK,SELL,94,989.02,1009.93,947.19,2.0,1004.5,+₹5.43 / +0.54%,+₹57.31 / +5.71%,Active After Trigger,,,,,11,Top 3 Intraday scanner pick
2026-05-14,Intraday,3,Highest Priority,COFORGE,SELL,94,1289.12,1321.1,1225.14,2.0,1398.0,-₹76.90 / -5.50%,+₹172.86 / +12.36%,Stop Hit First,Stop,2026-05-18,Loss,-1.0,11,Top 3 Intraday scanner pick
2026-05-13,Intraday,1,Highest Priority,ASHOKLEY,SELL,94,152.55,154.72,148.22,2.0,164.38,-₹9.66 / -5.88%,+₹16.16 / +9.83%,Stop Hit First,Stop,2026-05-14,Loss,-1.0,12,Top 3 Intraday scanner pick
2026-05-13,Intraday,2,Highest Priority,AUBANK,SELL,94,989.02,1009.93,947.19,2.0,1001.7,+₹8.23 / +0.82%,+₹54.51 / +5.44%,Active After Trigger,,,,,12,Top 3 Intraday scanner pick
2026-05-13,Intraday,3,Highest Priority,COFORGE,SELL,94,1289.12,1321.1,1225.14,2.0,1399.3,-₹78.20 / -5.59%,+₹174.16 / +12.45%,Stop Hit First,Stop,2026-05-18,Loss,-1.0,12,Top 3 Intraday scanner pick
2026-05-13,Intraday,1,Highest Priority,AMBUJACEM,SELL,94,428.14,431.49,421.45,2.0,440.85,-₹9.36 / -2.12%,+₹19.40 / +4.40%,Stop Hit First,Stop,2026-05-13,Loss,-1.0,12,Top 3 Intraday scanner pick
2026-05-13,Intraday,2,Highest Priority,DRREDDY,SELL,94,1262.17,1304.37,1177.77,2.0,1307.2,-₹2.83 / -0.22%,+₹129.43 / +9.90%,Stop Hit First,Stop,2026-05-14,Loss,-1.0,12,Top 3 Intraday scanner pick
2026-05-13,Intraday,1,Highest Priority,BANKBARODA,SELL,94,259.18,262.82,251.91,2.0,265.4,-₹2.58 / -0.97%,+₹13.49 / +5.08%,Stop Hit First,Stop,2026-05-13,Loss,-1.0,11,Top 3 Intraday scanner pick
2026-05-13,Intraday,2,Highest Priority,FEDERALBNK,SELL,94,283.28,286.81,276.24,2.0,287.2,-₹0.39 / -0.14%,+₹10.96 / +3.82%,Stop Hit First,Stop,2026-05-19,Loss,-1.0,11,Top 3 Intraday scanner pick
2026-05-13,Intraday,3,Highest Priority,RECLTD,SELL,94,343.31,347.99,333.95,2.0,337.25,+₹10.74 / +3.18%,+₹3.30 / +0.98%,Stop Hit First,Stop,2026-05-13,Loss,-1.0,11,Top 3 Intraday scanner pick
2026-05-12,Intraday,1,Highest Priority,BANKBARODA,SELL,94,259.18,262.82,251.91,2.0,265.4,-₹2.58 / -0.97%,+₹13.49 / +5.08%,Stop Hit First,Stop,2026-05-13,Loss,-1.0,12,Top 3 Intraday scanner pick
2026-05-12,Intraday,2,Highest Priority,FEDERALBNK,SELL,94,283.28,286.81,276.24,2.0,287.2,-₹0.39 / -0.14%,+₹10.96 / +3.82%,Stop Hit First,Stop,2026-05-19,Loss,-1.0,12,Top 3 Intraday scanner pick
2026-05-12,Intraday,3,Highest Priority,RECLTD,SELL,94,343.31,347.99,333.95,2.0,337.25,+₹10.74 / +3.18%,+₹3.30 / +0.98%,Stop Hit First,Stop,2026-05-13,Loss,-1.0,12,Top 3 Intraday scanner pick
2026-05-12,Intraday,1,Highest Priority,CUMMINSIND,SELL,94,5214.55,5279.12,5085.41,2.0,5353.0,-₹73.88 / -1.38%,+₹267.59 / +5.00%,Stop Hit First,Stop,2026-05-14,Loss,-1.0,11,Top 3 Intraday scanner pick
2026-05-12,Intraday,2,Highest Priority,DIXON,SELL,94,10728.5,10888.42,10408.66,2.0,11722.0,-₹833.58 / -7.11%,+₹1313.34 / +11.20%,Target Hit First,Target,2026-05-12,Win,2.0,11,Top 3 Intraday scanner pick
2026-05-12,Intraday,3,Highest Priority,GODREJCP,SELL,94,1006.18,1021.72,975.12,2.0,1027.9,-₹6.18 / -0.60%,+₹52.78 / +5.13%,Stop Hit First,Stop,2026-05-12,Loss,-1.0,11,Top 3 Intraday scanner pick
2026-05-11,Intraday,1,Highest Priority,CUMMINSIND,SELL,94,5214.55,5279.12,5085.41,2.0,5353.0,-₹73.88 / -1.38%,+₹267.59 / +5.00%,Ambiguous Entry Candle,Entry/exit same candle,2026-05-11,Ambiguous,,12,Top 3 Intraday scanner pick
2026-05-11,Intraday,2,Highest Priority,DIXON,SELL,94,10728.5,10888.42,10408.66,2.0,11722.0,-₹833.58 / -7.11%,+₹1313.34 / +11.20%,Stop Hit First,Stop,2026-05-11,Loss,-1.0,12,Top 3 Intraday scanner pick
2026-05-11,Intraday,3,Highest Priority,GODREJCP,SELL,94,1006.18,1021.72,975.12,2.0,1027.9,-₹6.18 / -0.60%,+₹52.78 / +5.13%,Stop Hit First,Stop,2026-05-12,Loss,-1.0,12,Top 3 Intraday scanner pick
2026-05-11,Intraday,1,Highest Priority,ABB,SELL,94,6986.0,7073.06,6811.87,2.0,6676.5,+₹396.56 / +5.94%,-₹135.37 / -2.03%,Ambiguous Entry Candle,Entry/exit same candle,2026-05-11,Ambiguous,,12,Top 3 Intraday scanner pick
2026-05-11,Intraday,2,Highest Priority,ABCAPITAL,SELL,94,361.08,365.53,352.16,2.0,357.3,+₹8.23 / +2.30%,+₹5.14 / +1.44%,Target Hit First,Target,2026-05-11,Win,2.0,12,Top 3 Intraday scanner pick
2026-05-11,Intraday,3,Highest Priority,ADANIENT,SELL,94,2495.0,2526.79,2431.41,2.0,2717.3,-₹190.51 / -7.01%,+₹285.89 / +10.52%,Target Hit First,Target,2026-05-12,Win,2.0,12,Top 3 Intraday scanner pick
2026-05-10,Intraday,1,Highest Priority,ABB,SELL,94,6986.0,7073.06,6811.87,2.0,6676.5,+₹396.56 / +5.94%,-₹135.37 / -2.03%,Ambiguous Entry Candle,Entry/exit same candle,2026-05-11,Ambiguous,,12,Top 3 Intraday scanner pick
2026-05-10,Intraday,2,Highest Priority,ABCAPITAL,SELL,94,361.08,365.53,352.16,2.0,357.3,+₹8.23 / +2.30%,+₹5.14 / +1.44%,Target Hit First,Target,2026-05-11,Win,2.0,12,Top 3 Intraday scanner pick
2026-05-10,Intraday,3,Highest Priority,ADANIENT,SELL,94,2495.0,2526.79,2431.41,2.0,2717.3,-₹190.51 / -7.01%,+₹285.89 / +10.52%,Target Hit First,Target,2026-05-12,Win,2.0,12,Top 3 Intraday scanner pick
2026-05-09,Swing,1,Highest Priority,PNB,SELL,94,108.78,114.93,96.48,2.0,102.66,+₹12.27 / +11.95%,+₹6.18 / +6.02%,Active After Trigger,,,,,13,Top 3 Swing scanner pick
2026-05-09,Intraday,1,Highest Priority,ABB,SELL,94,6986.0,7073.06,6811.87,2.0,6676.5,+₹396.56 / +5.94%,-₹135.37 / -2.03%,Ambiguous Entry Candle,Entry/exit same candle,2026-05-11,Ambiguous,,13,Top 3 Intraday scanner pick
2026-05-09,Intraday,2,Highest Priority,ABCAPITAL,SELL,94,361.08,365.53,352.16,2.0,357.3,+₹8.23 / +2.30%,+₹5.14 / +1.44%,Target Hit First,Target,2026-05-11,Win,2.0,13,Top 3 Intraday scanner pick
2026-05-09,Intraday,3,Highest Priority,ADANIENT,SELL,94,2495.0,2526.79,2431.41,2.0,2722.5,-₹195.71 / -7.19%,+₹291.09 / +10.69%,Target Hit First,Target,2026-05-12,Win,2.0,13,Top 3 Intraday scanner pick
2026-05-08,Intraday,1,Highest Priority,ABB,SELL,94,6986.0,7073.06,6811.87,2.0,6702.5,+₹370.56 / +5.53%,-₹109.37 / -1.63%,Ambiguous Entry Candle,Entry/exit same candle,2026-05-11,Ambiguous,,14,Top 3 Intraday scanner pick
2026-05-08,Intraday,2,Highest Priority,ABCAPITAL,SELL,94,361.08,365.53,352.16,2.0,355.85,+₹9.68 / +2.72%,+₹3.69 / +1.04%,Target Hit First,Target,2026-05-11,Win,2.0,14,Top 3 Intraday scanner pick
2026-05-08,Intraday,3,Highest Priority,ADANIENT,SELL,94,2495.0,2526.79,2431.41,2.0,2732.9,-₹206.11 / -7.54%,+₹301.49 / +11.03%,Target Hit First,Target,2026-05-12,Win,2.0,14,Top 3 Intraday scanner pick
2026-05-08,Intraday,1,Highest Priority,AUROPHARMA,BUY,94,1509.21,1468.91,1589.82,2.0,1460.0,-₹8.91 / -0.61%,+₹129.82 / +8.89%,Stop Hit First,Stop,2026-05-22,Loss,-1.0,14,Top 3 Intraday scanner pick
2026-05-08,Swing,1,Highest Priority,PNB,SELL,94,108.78,114.93,96.48,2.0,102.64,+₹12.29 / +11.97%,+₹6.16 / +6.00%,Active After Trigger,,,,,14,Top 3 Swing scanner pick
2026-05-08,Intraday,1,Highest Priority,ASHOKLEY,BUY,94,171.24,169.72,174.29,2.0,155.2,-₹14.52 / -9.36%,+₹19.09 / +12.30%,Pending Trigger,,,,,14,Top 3 Intraday scanner pick
2026-05-08,Intraday,2,Highest Priority,AUBANK,BUY,94,1037.07,1029.93,1051.35,2.0,975.4,-₹54.53 / -5.59%,+₹75.95 / +7.79%,Ambiguous Entry Candle,Entry/exit same candle,2026-05-08,Ambiguous,,14,Top 3 Intraday scanner pick
2026-05-08,Intraday,3,Highest Priority,BHEL,BUY,94,408.16,402.35,419.79,2.0,407.5,+₹5.15 / +1.26%,+₹12.29 / +3.02%,Stop Hit First,Stop,2026-05-08,Loss,-1.0,14,Top 3 Intraday scanner pick
2026-05-07,Swing,1,Highest Priority,PNB,SELL,94,108.78,114.93,96.48,2.0,101.92,+₹13.01 / +12.76%,+₹5.44 / +5.34%,Active After Trigger,,,,,15,Top 3 Swing scanner pick
2026-05-07,Intraday,1,Highest Priority,ASHOKLEY,BUY,94,171.24,169.72,174.29,2.0,154.4,-₹15.32 / -9.92%,+₹19.89 / +12.88%,Stop Hit First,Stop,2026-05-08,Loss,-1.0,15,Top 3 Intraday scanner pick
2026-05-07,Intraday,2,Highest Priority,AUBANK,BUY,94,1037.07,1029.93,1051.35,2.0,964.3,-₹65.63 / -6.81%,+₹87.05 / +9.03%,Stop Hit First,Stop,2026-05-08,Loss,-1.0,15,Top 3 Intraday scanner pick
2026-05-07,Intraday,3,Highest Priority,BHEL,BUY,94,408.16,402.35,419.79,2.0,407.5,+₹5.15 / +1.26%,+₹12.29 / +3.02%,Stop Hit First,Stop,2026-05-08,Loss,-1.0,15,Top 3 Intraday scanner pick
2026-05-07,Swing,1,Highest Priority,LT,BUY,94,4098.18,3954.99,4384.56,2.0,3910.7,-₹44.29 / -1.13%,+₹473.86 / +12.12%,Pending Trigger,,,,,15,Top 3 Swing scanner pick
2026-05-07,Intraday,1,Highest Priority,LUPIN,BUY,94,2450.69,2419.03,2514.02,2.0,2285.5,-₹133.53 / -5.84%,+₹228.52 / +10.00%,Stop Hit First,Stop,2026-05-08,Loss,-1.0,14,Top 3 Intraday scanner pick
2026-05-07,Intraday,2,Highest Priority,PIDILITIND,BUY,94,1428.85,1407.06,1472.44,2.0,1475.0,+₹67.94 / +4.61%,-₹2.56 / -0.17%,Target Hit First,Target,2026-05-08,Win,2.0,14,Top 3 Intraday scanner pick
2026-05-06,Intraday,1,Highest Priority,LUPIN,BUY,94,2450.69,2419.03,2514.02,2.0,2285.5,-₹133.53 / -5.84%,+₹228.52 / +10.00%,Stop Hit First,Stop,2026-05-08,Loss,-1.0,15,Top 3 Intraday scanner pick
2026-05-06,Intraday,2,Highest Priority,PIDILITIND,BUY,94,1428.85,1407.06,1472.44,2.0,1475.0,+₹67.94 / +4.61%,-₹2.56 / -0.17%,Target Hit First,Target,2026-05-08,Win,2.0,15,Top 3 Intraday scanner pick
2026-05-06,Intraday,1,Highest Priority,TRENT,BUY,94,4311.61,4233.29,4468.25,2.0,4172.9,-₹60.39 / -1.45%,+₹295.35 / +7.08%,Stop Hit First,Stop,2026-05-08,Loss,-1.0,15,Top 3 Intraday scanner pick
2026-05-06,Intraday,2,Highest Priority,ABBOTINDIA,BUY,92,26212.32,25456.86,27723.25,2.0,27715.0,+₹2258.14 / +8.15%,+₹8.25 / +0.03%,Target Hit First,Target,2026-05-11,Win,2.0,15,Top 3 Intraday scanner pick
2026-05-06,Swing,1,Highest Priority,BHARTIARTL,SELL,94,1806.1,1911.61,1595.07,2.0,1893.2,+₹18.41 / +0.97%,+₹298.13 / +15.75%,Stop Hit First,Stop,2026-05-15,Loss,-1.0,15,Top 3 Swing scanner pick
2026-05-06,Swing,2,Highest Priority,JINDALSTEL,BUY,94,1274.54,1195.68,1432.27,2.0,1204.7,+₹9.02 / +0.75%,+₹227.57 / +18.89%,Active After Trigger,,,,,15,Top 3 Swing scanner pick
2026-05-06,Intraday,1,Highest Priority,CHOLAFIN,BUY,94,1664.32,1648.85,1695.26,2.0,1510.2,-₹138.65 / -9.18%,+₹185.06 / +12.25%,Ambiguous Entry Candle,Entry/exit same candle,2026-05-06,Ambiguous,,15,Top 3 Intraday scanner pick
2026-05-06,Intraday,2,Highest Priority,HDFCAMC,BUY,94,2820.13,2799.99,2860.4,2.0,2741.7,-₹58.29 / -2.13%,+₹118.70 / +4.33%,Stop Hit First,Stop,2026-05-07,Loss,-1.0,15,Top 3 Intraday scanner pick
2026-05-06,Intraday,3,Highest Priority,MPHASIS,SELL,94,2204.48,2225.05,2163.34,2.0,2221.5,+₹3.55 / +0.16%,+₹58.16 / +2.62%,Stop Hit First,Stop,2026-05-06,Loss,-1.0,15,Top 3 Intraday scanner pick
2026-05-05,Intraday,1,Highest Priority,CHOLAFIN,BUY,94,1664.32,1648.85,1695.26,2.0,1510.2,-₹138.65 / -9.18%,+₹185.06 / +12.25%,Target Hit First,Target,2026-05-06,Win,2.0,16,Top 3 Intraday scanner pick
2026-05-05,Intraday,2,Highest Priority,HDFCAMC,BUY,94,2820.13,2799.99,2860.4,2.0,2742.6,-₹57.39 / -2.09%,+₹117.80 / +4.30%,Stop Hit First,Stop,2026-05-05,Loss,-1.0,16,Top 3 Intraday scanner pick
2026-05-05,Intraday,3,Highest Priority,MPHASIS,SELL,94,2204.48,2225.05,2163.34,2.0,2227.3,-₹2.25 / -0.10%,+₹63.96 / +2.87%,Stop Hit First,Stop,2026-05-06,Loss,-1.0,16,Top 3 Intraday scanner pick
2026-05-05,Swing,1,Highest Priority,LT,BUY,94,4098.18,3954.99,4384.56,2.0,3910.7,-₹44.29 / -1.13%,+₹473.86 / +12.12%,Pending Trigger,,,,,15,Top 3 Swing scanner pick
2026-05-05,Intraday,1,Highest Priority,HDFCAMC,BUY,94,2820.13,2799.99,2860.4,2.0,2685.3,-₹114.69 / -4.27%,+₹175.10 / +6.52%,Stop Hit First,Stop,2026-05-05,Loss,-1.0,15,Top 3 Intraday scanner pick
2026-05-05,Intraday,2,Highest Priority,MPHASIS,SELL,94,2204.48,2225.05,2163.34,2.0,2228.0,-₹2.95 / -0.13%,+₹64.66 / +2.90%,Stop Hit First,Stop,2026-05-06,Loss,-1.0,15,Top 3 Intraday scanner pick
2026-05-05,Intraday,1,Highest Priority,SBILIFE,BUY,94,1837.87,1826.75,1865.66,2.5,1864.2,+₹37.45 / +2.01%,+₹1.46 / +0.08%,Target Hit First,Target,2026-05-06,Win,2.5,15,Top 3 Intraday scanner pick
2026-05-05,Intraday,1,Highest Priority,AUROPHARMA,BUY,94,1402.8,1393.38,1426.35,2.5,1517.5,+₹124.12 / +8.18%,-₹91.15 / -6.01%,Target Hit First,Target,2026-05-05,Win,2.5,15,Top 3 Intraday scanner pick
2026-05-05,Intraday,2,Highest Priority,CHOLAFIN,BUY,94,1654.0,1642.75,1682.13,2.5,1518.9,-₹123.85 / -8.15%,+₹163.23 / +10.75%,Target Hit First,Target,2026-05-06,Win,2.5,15,Top 3 Intraday scanner pick
2026-05-05,Swing,1,Highest Priority,AMBUJACEM,SELL,94,430.64,448.08,387.03,2.5,427.0,+₹21.08 / +4.94%,+₹39.97 / +9.36%,Stop Hit First,Stop,2026-05-15,Loss,-1.0,15,Top 3 Swing scanner pick
2026-05-05,Swing,2,Highest Priority,ABCAPITAL,BUY,94,363.48,348.35,401.3,2.5,345.3,-₹3.05 / -0.88%,+₹56.00 / +16.22%,Ambiguous Entry Candle,Entry/exit same candle,2026-05-05,Ambiguous,,15,Top 3 Swing scanner pick
2026-05-05,Intraday,2,Highest Priority,BHARTIARTL,SELL,94,1799.89,1812.11,1769.35,2.5,1904.9,-₹92.79 / -4.87%,+₹135.55 / +7.12%,Ambiguous Entry Candle,Entry/exit same candle,2026-05-11,Ambiguous,,15,Top 3 Intraday scanner pick
2026-05-05,Intraday,3,Highest Priority,VBL,SELL,91,498.9,502.18,490.7,2.5,514.2,-₹12.02 / -2.34%,+₹23.50 / +4.57%,Ambiguous Entry Candle,Entry/exit same candle,2026-05-12,Ambiguous,,15,Top 3 Intraday scanner pick
2026-05-05,Swing,1,Highest Priority,ABCAPITAL,BUY,94,363.48,348.35,401.3,2.5,345.3,-₹3.05 / -0.88%,+₹56.00 / +16.22%,Ambiguous Entry Candle,Entry/exit same candle,2026-05-05,Ambiguous,,15,Top 3 Swing scanner pick
2026-05-05,Swing,2,Highest Priority,AMBUJACEM,SELL,94,430.64,448.08,387.03,2.5,427.0,+₹21.08 / +4.94%,+₹39.97 / +9.36%,Stop Hit First,Stop,2026-05-15,Loss,-1.0,15,Top 3 Swing scanner pick
2026-05-05,Swing,3,Highest Priority,JINDALSTEL,BUY,91,1285.87,1234.57,1414.12,2.5,1207.0,-₹27.57 / -2.28%,+₹207.12 / +17.16%,Pending Trigger,,,,,15,Top 3 Swing scanner pick
2026-05-05,Intraday,1,Medium Priority,ABBOTINDIA,SELL,88,25294.31,25416.29,24989.35,2.5,27795.0,-₹2378.71 / -8.56%,+₹2805.65 / +10.09%,Stop Hit First,Stop,2026-05-05,Loss,-1.0,15,Top 3 Intraday scanner pick
2026-05-05,Intraday,2,Medium Priority,PAYTM,SELL,88,1076.94,1087.7,1050.04,2.5,1121.4,-₹33.70 / -3.01%,+₹71.36 / +6.36%,Ambiguous Entry Candle,Entry/exit same candle,2026-05-05,Ambiguous,,14,Top 3 Intraday scanner pick
2026-05-05,Intraday,3,Medium Priority,RECLTD,SELL,88,351.5,353.66,346.08,2.5,333.5,+₹20.16 / +6.04%,-₹12.58 / -3.77%,Ambiguous Entry Candle,Entry/exit same candle,2026-05-05,Ambiguous,,14,Top 3 Intraday scanner pick
2026-05-05,Intraday,1,Medium Priority,PAYTM,SELL,88,1084.83,1095.19,1058.91,2.5,1121.4,-₹26.21 / -2.34%,+₹62.49 / +5.57%,Stop Hit First,Stop,2026-05-05,Loss,-1.0,14,Top 3 Intraday scanner pick
2026-05-05,Intraday,2,Medium Priority,BAJFINANCE,SELL,84,939.62,947.08,920.97,2.5,928.0,+₹19.08 / +2.06%,+₹7.03 / +0.76%,Ambiguous Entry Candle,Entry/exit same candle,2026-05-05,Ambiguous,,14,Top 3 Intraday scanner pick
2026-05-05,Intraday,3,Medium Priority,HDFCBANK,SELL,84,763.12,767.68,751.73,2.5,767.9,-₹0.22 / -0.03%,+₹16.17 / +2.11%,Ambiguous Entry Candle,Entry/exit same candle,2026-05-11,Ambiguous,,14,Top 3 Intraday scanner pick
2026-05-05,Intraday,1,Medium Priority,JSWSTEEL,SELL,84,1251.19,1258.24,1233.57,2.5,1293.3,-₹35.06 / -2.71%,+₹59.73 / +4.62%,Stop Hit First,Stop,2026-05-05,Loss,-1.0,14,Top 3 Intraday scanner pick
2026-05-05,Intraday,2,Medium Priority,M&M,SELL,84,3071.34,3090.84,3022.6,2.5,3117.7,-₹26.86 / -0.86%,+₹95.10 / +3.05%,Ambiguous Entry Candle,Entry/exit same candle,2026-05-05,Ambiguous,,14,Top 3 Intraday scanner pick
